Day,Date,Home,Home_xg,Score,Away_xg,Away,Home Rank,Away Rank,Home_Goals,Away_Goals,Home xg error,Away xg error,Total Goals,Total xG,xG - goals,Home Possession,Home Formation,Home Shots,Time,Away Possession,Away Formation,Away Shots,Net xG,Match Period,Month
Fri,2023-08-11,Burnley,0.3,0–3,1.9,Manchester City,19.0,1.0,0,3,0.3,-1.1,3,2.2,-0.8000000000000003,35.0,5-4-1,6.0,20:00,65.0,4-2-3-1,17.0,-1.5999999999999999,Evening,August
Sun,2023-10-08,Arsenal,0.4,1–0,0.5,Manchester City,2.0,1.0,1,0,-0.6,0.5,1,0.9,-0.0999999999999999,49.0,4-3-3,12.0,16:30,51.0,4-3-3,4.0,-0.09999999999999998,Afternoon,October
Wed,2023-12-27,Everton,1.0,1–3,2.4,Manchester City,15.0,1.0,1,3,0.0,-0.6000000000000001,4,3.4,-0.6000000000000001,28.0,4-2-3-1,7.0,20:15,72.0,4-2-3-1,22.0,-1.4,Evening,December
Sun,2023-08-27,Sheffield Ud,0.7,1–2,3.5,Manchester City,20.0,1.0,1,2,-0.3,1.5,3,4.2,1.2000000000000002,21.0,3-5-2,6.0,14:00,79.0,4-2-3-1,29.0,-2.8,Afternoon,August
Thu,2024-04-25,Brighton,0.6,0–4,1.4,Manchester City,11.0,1.0,0,4,0.6,-2.6,4,2.0,-2.0,36.0,4-2-3-1,7.0,20:00,64.0,4-1-4-1,14.0,-0.7999999999999999,Evening,April
Sat,2024-02-24,Bournemouth,0.9,0–1,1.6,Manchester City,12.0,1.0,0,1,0.9,0.6000000000000001,1,2.5,1.5,38.0,4-2-3-1,13.0,17:30,62.0,3-2-4-1,15.0,-0.7000000000000001,Evening,February
Sat,2024-01-13,Newcastle Utd,1.3,2–3,3.0,Manchester City,7.0,1.0,2,3,-0.7,0.0,5,4.3,-0.7000000000000002,28.0,4-3-3,12.0,17:30,72.0,4-2-3-1,27.0,-1.7,Evening,January
Mon,2024-02-05,Brentford,1.0,1–3,2.1,Manchester City,16.0,1.0,1,3,0.0,-0.8999999999999999,4,3.1,-0.8999999999999999,28.0,3-5-2,9.0,20:00,72.0,4-1-4-1,25.0,-1.1,Evening,February
Sun,2023-11-12,Chelsea,2.9,4–4,2.9,Manchester City,6.0,1.0,4,4,-1.1,-1.1,8,5.8,-2.2,45.0,4-2-3-1,16.0,16:30,55.0,3-2-4-1,14.0,0.0,Afternoon,November
Sun,2023-10-29,Manchester Utd,0.9,0–3,4.0,Manchester City,8.0,1.0,0,3,0.9,1.0,3,4.9,1.9000000000000004,40.0,4-2-3-1,7.0,15:30,60.0,4-2-3-1,20.0,-3.1,Afternoon,October
Sun,2024-04-28,Nott'ham Forest,1.9,0–2,0.9,Manchester City,17.0,1.0,0,2,1.9,-1.1,2,2.8,0.7999999999999998,34.0,5-4-1,14.0,16:30,66.0,4-1-4-1,11.0,0.9999999999999999,Afternoon,April
Sat,2024-05-11,Fulham,0.1,0–4,3.2,Manchester City,13.0,1.0,0,4,0.1,-0.7999999999999998,4,3.3000000000000003,-0.6999999999999997,36.0,4-2-3-1,1.0,12:30,64.0,4-2-3-1,15.0,-3.1,Afternoon,May
Sun,2024-03-10,Liverpool,2.7,1–1,1.6,Manchester City,3.0,1.0,1,1,1.7000000000000002,0.6000000000000001,2,4.300000000000001,2.3000000000000007,53.0,4-3-3,18.0,15:45,47.0,3-2-4-1,10.0,1.1,Afternoon,March
Sat,2023-09-30,Wolves,0.4,2–1,0.9,Manchester City,14.0,1.0,2,1,-1.6,-0.0999999999999999,3,1.3,-1.7,32.0,3-4-3,3.0,15:00,68.0,4-2-3-1,23.0,-0.5,Afternoon,September
Tue,2024-05-14,Tottenham,1.7,0–2,2.4,Manchester City,5.0,1.0,0,2,1.7,0.3999999999999999,2,4.1,2.1,53.0,4-3-1-2,10.0,20:00,47.0,4-2-3-1,7.0,-0.7,Evening,May
Wed,2023-12-06,Aston Villa,2.3,1–0,0.6,Manchester City,4.0,1.0,1,0,1.2999999999999998,0.6,1,2.9,1.9,46.0,4-4-1-1,22.0,20:15,54.0,3-2-4-1,2.0,1.6999999999999997,Evening,December
Sat,2023-09-16,West Ham,0.9,1–3,3.6,Manchester City,9.0,1.0,1,3,-0.0999999999999999,0.6000000000000001,4,4.5,0.5,32.0,4-2-3-1,6.0,15:00,68.0,4-2-3-1,29.0,-2.7,Afternoon,September
Sat,2024-04-06,Crystal Palace,1.1,2–4,1.9,Manchester City,10.0,1.0,2,4,-0.8999999999999999,-2.1,6,3.0,-3.0,25.0,3-4-3,7.0,12:30,75.0,3-2-4-1,18.0,-0.7999999999999998,Afternoon,April
Sun,2023-12-10,Luton Town,0.3,1–2,1.6,Manchester City,18.0,1.0,1,2,-0.7,-0.3999999999999999,3,1.9,-1.1,35.0,3-4-3,4.0,14:00,65.0,4-2-3-1,18.0,-1.3,Afternoon,December
Sun,2023-08-27,Burnley,0.7,1–3,2.5,Aston Villa,19.0,4.0,1,3,-0.3,-0.5,4,3.2,-0.7999999999999998,57.0,4-4-2,9.0,14:00,43.0,3-4-3,16.0,-1.8,Afternoon,August
Sun,2024-04-14,Arsenal,1.6,0–2,0.9,Aston Villa,2.0,4.0,0,2,1.6,-1.1,2,2.5,0.5,52.0,4-3-3,18.0,16:30,48.0,4-2-3-1,11.0,0.7000000000000001,Afternoon,April
Sun,2024-01-14,Everton,1.1,0–0,1.2,Aston Villa,15.0,4.0,0,0,1.1,1.2,0,2.3,2.3,32.0,4-2-3-1,10.0,14:00,68.0,4-4-2,16.0,-0.09999999999999987,Afternoon,January
Sat,2024-02-03,Sheffield Ud,1.4,0–5,2.2,Aston Villa,20.0,4.0,0,5,1.4,-2.8,5,3.6,-1.4,37.0,5-4-1,10.0,17:30,63.0,4-2-3-1,14.0,-0.8000000000000003,Evening,February
Sun,2024-05-05,Brighton,2.5,1–0,0.1,Aston Villa,11.0,4.0,1,0,1.5,0.1,1,2.6,1.6,52.0,4-2-3-1,14.0,14:00,48.0,4-2-3-1,2.0,2.4,Afternoon,May
Sun,2023-12-03,Bournemouth,2.0,2–2,0.7,Aston Villa,12.0,4.0,2,2,0.0,-1.3,4,2.7,-1.2999999999999998,38.0,4-2-3-1,15.0,14:00,62.0,4-4-2,11.0,1.3,Afternoon,December
Sat,2023-08-12,Newcastle Utd,3.3,5–1,1.8,Aston Villa,7.0,4.0,5,1,-1.7000000000000002,0.8,6,5.1,-0.9000000000000004,52.0,4-3-3,17.0,17:30,48.0,4-2-3-1,16.0,1.4999999999999998,Evening,August
Sun,2023-12-17,Brentford,0.5,1–2,1.4,Aston Villa,16.0,4.0,1,2,-0.5,-0.6000000000000001,3,1.9,-1.1,34.0,3-5-2,4.0,14:00,66.0,3-5-2,15.0,-0.8999999999999999,Afternoon,December
Sun,2023-09-24,Chelsea,1.3,0–1,1.0,Aston Villa,6.0,4.0,0,1,1.3,0.0,1,2.3,1.2999999999999998,53.0,4-2-3-1,10.0,14:00,47.0,4-2-3-1,15.0,0.30000000000000004,Afternoon,September
Tue,2023-12-26,Manchester Utd,1.1,3–2,1.7,Aston Villa,8.0,4.0,3,2,-1.9,-0.3,5,2.8,-2.2,46.0,4-2-3-1,13.0,20:00,54.0,4-2-3-1,10.0,-0.5999999999999999,Evening,December
Sun,2023-11-05,Nott'ham Forest,0.4,2–0,1.2,Aston Villa,17.0,4.0,2,0,-1.6,1.2,2,1.6,-0.3999999999999999,27.0,4-3-3,5.0,14:00,73.0,4-4-2,13.0,-0.7999999999999999,Afternoon,November
Sat,2024-02-17,Fulham,1.5,1–2,1.5,Aston Villa,13.0,4.0,1,2,0.5,-0.5,3,3.0,0.0,52.0,4-2-3-1,15.0,15:00,48.0,4-2-3-1,12.0,0.0,Afternoon,February
Sun,2023-09-03,Liverpool,2.5,3–0,0.7,Aston Villa,3.0,4.0,3,0,-0.5,0.7,3,3.2,0.2000000000000001,63.0,4-3-3,17.0,14:00,37.0,4-4-2,9.0,1.8,Afternoon,September
Sun,2023-10-08,Wolves,1.7,1–1,1.6,Aston Villa,14.0,4.0,1,1,0.7,0.6000000000000001,2,3.3,1.2999999999999998,47.0,3-4-3,8.0,14:00,53.0,4-4-2,18.0,0.09999999999999987,Afternoon,October
Sun,2023-11-26,Tottenham,2.3,1–2,1.7,Aston Villa,5.0,4.0,1,2,1.2999999999999998,-0.3,3,4.0,1.0,62.0,4-2-3-1,18.0,14:00,38.0,4-4-2,15.0,0.5999999999999999,Afternoon,November
Sun,2024-03-17,West Ham,2.0,1–1,0.7,Aston Villa,9.0,4.0,1,1,1.0,-0.3,2,2.7,0.7000000000000002,31.0,4-2-3-1,13.0,14:00,69.0,4-4-2,13.0,1.3,Afternoon,March
Sun,2024-05-19,Crystal Palace,2.5,5–0,0.9,Aston Villa,10.0,4.0,5,0,-2.5,0.9,5,3.4,-1.6,54.0,3-4-3,15.0,16:00,46.0,4-4-2,8.0,1.6,Afternoon,May
Sat,2024-03-02,Luton Town,1.8,2–3,1.9,Aston Villa,18.0,4.0,2,3,-0.1999999999999999,-1.1,5,3.7,-1.2999999999999998,46.0,3-4-3,14.0,17:30,54.0,4-2-3-1,12.0,-0.09999999999999987,Evening,March
Wed,2024-04-03,Manchester City,3.4,4–1,0.8,Aston Villa,1.0,4.0,4,1,-0.6000000000000001,-0.1999999999999999,5,4.2,-0.7999999999999998,67.0,4-2-3-1,25.0,20:15,33.0,4-2-3-1,8.0,2.5999999999999996,Evening,April
Sat,2023-09-02,Burnley,1.3,2–5,2.2,Tottenham,19.0,5.0,2,5,-0.7,-2.8,7,3.5,-3.5,47.0,4-4-2,16.0,15:00,53.0,4-2-3-1,21.0,-0.9000000000000001,Afternoon,September
Sun,2023-09-24,Arsenal,1.8,2–2,1.4,Tottenham,2.0,5.0,2,2,-0.1999999999999999,-0.6000000000000001,4,3.2,-0.7999999999999998,47.0,4-3-3,12.0,14:00,53.0,4-2-3-1,13.0,0.40000000000000013,Afternoon,September
Sat,2024-02-03,Everton,2.6,2–2,1.0,Tottenham,15.0,5.0,2,2,0.6000000000000001,-1.0,4,3.6,-0.3999999999999999,43.0,4-4-1-1,14.0,12:30,57.0,4-2-3-1,9.0,1.6,Afternoon,February
Sun,2024-05-19,Sheffield Ud,1.0,0–3,3.1,Tottenham,20.0,5.0,0,3,1.0,0.1,3,4.1,1.0999999999999996,25.0,5-3-2,6.0,16:00,75.0,4-2-3-1,18.0,-2.1,Afternoon,May
Thu,2023-12-28,Brighton,3.2,4–2,2.3,Tottenham,11.0,5.0,4,2,-0.7999999999999998,0.2999999999999998,6,5.5,-0.5,45.0,4-1-2-1-2◆,13.0,19:30,55.0,4-2-3-1,19.0,0.9000000000000004,Evening,December
Sat,2023-08-26,Bournemouth,0.7,0–2,2.1,Tottenham,12.0,5.0,0,2,0.7,0.1,2,2.8,0.7999999999999998,44.0,4-2-3-1,11.0,12:30,56.0,4-2-3-1,17.0,-1.4000000000000001,Afternoon,August
Sat,2024-04-13,Newcastle Utd,2.8,4–0,0.8,Tottenham,7.0,5.0,4,0,-1.2000000000000002,0.8,4,3.6,-0.4000000000000003,28.0,4-3-3,18.0,12:30,72.0,4-2-3-1,11.0,1.9999999999999998,Afternoon,April
Sun,2023-08-13,Brentford,2.2,2–2,1.3,Tottenham,16.0,5.0,2,2,0.2000000000000001,-0.7,4,3.5,-0.5,31.0,5-3-2,10.0,14:00,69.0,4-2-3-1,18.0,0.9000000000000001,Afternoon,August
Thu,2024-05-02,Chelsea,2.2,2–0,1.6,Tottenham,6.0,5.0,2,0,0.2000000000000001,1.6,2,3.8,1.8000000000000005,37.0,4-2-3-1,16.0,19:30,63.0,4-2-3-1,19.0,0.6000000000000001,Evening,May
Sun,2024-01-14,Manchester Utd,0.8,2–2,1.2,Tottenham,8.0,5.0,2,2,-1.2,-0.8,4,2.0,-2.0,37.0,4-2-3-1,9.0,16:30,63.0,4-3-3,16.0,-0.3999999999999999,Afternoon,January
Fri,2023-12-15,Nott'ham Forest,1.3,0–2,1.5,Tottenham,17.0,5.0,0,2,1.3,-0.5,2,2.8,0.7999999999999998,34.0,3-5-2,15.0,20:00,66.0,4-2-3-1,12.0,-0.19999999999999996,Evening,December
Sat,2024-03-16,Fulham,2.6,3–0,2.4,Tottenham,13.0,5.0,3,0,-0.3999999999999999,2.4,3,5.0,2.0,43.0,4-2-3-1,16.0,17:30,57.0,4-2-3-1,14.0,0.20000000000000018,Evening,March
Sun,2024-05-05,Liverpool,3.3,4–2,1.2,Tottenham,3.0,5.0,4,2,-0.7000000000000002,-0.8,6,4.5,-1.5,44.0,4-3-3,25.0,16:30,56.0,4-3-3,11.0,2.0999999999999996,Afternoon,May
Sat,2023-11-11,Wolves,2.1,2–1,0.7,Tottenham,14.0,5.0,2,1,0.1,-0.3,3,2.8,-0.2000000000000001,42.0,3-5-2,17.0,12:30,58.0,4-3-3,6.0,1.4000000000000001,Afternoon,November
Sun,2024-03-10,Aston Villa,0.8,0–4,1.5,Tottenham,4.0,5.0,0,4,0.8,-2.5,4,2.3,-1.7000000000000002,32.0,5-3-2,10.0,13:00,68.0,4-2-3-1,9.0,-0.7,Afternoon,March
Tue,2024-04-02,West Ham,1.5,1–1,1.0,Tottenham,9.0,5.0,1,1,0.5,0.0,2,2.5,0.5,33.0,4-5-1,11.0,20:15,67.0,4-2-3-1,13.0,0.5,Evening,April
Fri,2023-10-27,Crystal Palace,0.6,1–2,1.1,Tottenham,10.0,5.0,1,2,-0.4,-0.8999999999999999,3,1.7000000000000002,-1.2999999999999998,25.0,4-2-3-1,13.0,20:00,75.0,4-2-3-1,10.0,-0.5000000000000001,Evening,October
Sat,2023-10-07,Luton Town,0.8,0–1,1.9,Tottenham,18.0,5.0,0,1,0.8,0.8999999999999999,1,2.7,1.7000000000000002,34.0,4-4-2,12.0,12:30,66.0,4-2-3-1,15.0,-1.0999999999999999,Afternoon,October
Sun,2023-12-03,Manchester City,2.6,3–3,0.5,Tottenham,1.0,5.0,3,3,-0.3999999999999999,-2.5,6,3.1,-2.9,55.0,3-2-4-1,17.0,16:30,45.0,4-2-3-1,8.0,2.1,Afternoon,December
Sat,2023-09-23,Burnley,1.1,0–1,1.0,Manchester Utd,19.0,8.0,0,1,1.1,0.0,1,2.1,1.1,61.0,4-3-3,12.0,20:00,39.0,4-2-3-1,11.0,0.10000000000000009,Evening,September
Sun,2023-09-03,Arsenal,2.3,3–1,0.9,Manchester Utd,2.0,8.0,3,1,-0.7000000000000002,-0.0999999999999999,4,3.2,-0.8000000000000003,55.0,4-3-3,17.0,16:30,45.0,4-2-3-1,10.0,1.4,Afternoon,September
Sun,2023-11-26,Everton,2.4,0–3,2.2,Manchester Utd,15.0,8.0,0,3,2.4,-0.7999999999999998,3,4.6,1.5999999999999996,51.0,4-4-1-1,24.0,16:30,49.0,4-2-3-1,8.0,0.19999999999999973,Afternoon,November
Sat,2023-10-21,Sheffield Ud,1.4,1–2,1.1,Manchester Utd,20.0,8.0,1,2,0.3999999999999999,-0.8999999999999999,3,2.5,-0.5,38.0,4-4-2,11.0,20:00,62.0,4-2-3-1,14.0,0.2999999999999998,Evening,October
Sun,2024-05-19,Brighton,1.7,0–2,1.3,Manchester Utd,11.0,8.0,0,2,1.7,-0.7,2,3.0,1.0,55.0,4-2-3-1,17.0,16:00,45.0,4-2-2-2,11.0,0.3999999999999999,Afternoon,May
Sat,2024-04-13,Bournemouth,1.6,2–2,1.2,Manchester Utd,12.0,8.0,2,2,-0.3999999999999999,-0.8,4,2.8,-1.2000000000000002,43.0,4-2-3-1,20.0,17:30,57.0,4-2-3-1,7.0,0.40000000000000013,Evening,April
Sat,2023-12-02,Newcastle Utd,2.4,1–0,0.5,Manchester Utd,7.0,8.0,1,0,1.4,0.5,1,2.9,1.9,58.0,4-3-3,22.0,20:00,42.0,4-2-3-1,8.0,1.9,Evening,December
Sat,2024-03-30,Brentford,3.2,1–1,0.6,Manchester Utd,16.0,8.0,1,1,2.2,-0.4,2,3.8,1.8000000000000005,47.0,3-5-2,31.0,20:00,53.0,4-2-3-1,11.0,2.6,Evening,March
Thu,2024-04-04,Chelsea,3.0,4–3,1.5,Manchester Utd,6.0,8.0,4,3,-1.0,-1.5,7,4.5,-2.5,57.0,4-2-3-1,26.0,20:15,43.0,4-2-3-1,19.0,1.5,Evening,April
Sat,2023-12-30,Nott'ham Forest,0.7,2–1,0.8,Manchester Utd,17.0,8.0,2,1,-1.3,-0.1999999999999999,3,1.5,-1.5,44.0,4-2-3-1,8.0,17:30,56.0,4-2-3-1,10.0,-0.10000000000000009,Evening,December
Sat,2023-11-04,Fulham,1.0,0–1,0.7,Manchester Utd,13.0,8.0,0,1,1.0,-0.3,1,1.7,0.7,45.0,4-2-3-1,18.0,12:30,55.0,4-2-3-1,12.0,0.30000000000000004,Afternoon,November
Sun,2023-12-17,Liverpool,2.3,0–0,0.8,Manchester Utd,3.0,8.0,0,0,2.3,0.8,0,3.1,3.1,68.0,4-3-3,34.0,16:30,32.0,4-2-3-1,6.0,1.4999999999999998,Afternoon,December
Thu,2024-02-01,Wolves,2.1,3–4,3.3,Manchester Utd,14.0,8.0,3,4,-0.8999999999999999,-0.7000000000000002,7,5.4,-1.5999999999999996,53.0,3-4-3,15.0,20:15,47.0,4-2-3-1,21.0,-1.1999999999999997,Evening,February
Sat,2023-08-19,Tottenham,1.7,2–0,2.1,Manchester Utd,5.0,8.0,2,0,-0.3,2.1,2,3.8,1.7999999999999998,55.0,4-2-3-1,17.0,17:30,45.0,4-2-3-1,22.0,-0.40000000000000013,Evening,August
Sun,2024-02-11,Aston Villa,2.4,1–2,1.8,Manchester Utd,4.0,8.0,1,2,1.4,-0.1999999999999999,3,4.2,1.2000000000000002,56.0,4-2-3-1,23.0,16:30,44.0,4-2-3-1,17.0,0.5999999999999999,Afternoon,February
Sat,2023-12-23,West Ham,1.2,2–0,1.0,Manchester Utd,9.0,8.0,2,0,-0.8,1.0,2,2.2,0.2000000000000001,35.0,4-2-3-1,12.0,12:30,65.0,4-2-3-1,11.0,0.19999999999999996,Afternoon,December
Mon,2024-05-06,Crystal Palace,1.7,4–0,0.4,Manchester Utd,10.0,8.0,4,0,-2.3,0.4,4,2.1,-1.9,43.0,3-4-3,18.0,20:00,57.0,4-2-3-1,7.0,1.2999999999999998,Evening,May
Sun,2024-02-18,Luton Town,1.8,1–2,2.9,Manchester Utd,18.0,8.0,1,2,0.8,0.8999999999999999,3,4.7,1.7000000000000002,58.0,3-4-3,22.0,16:30,42.0,4-2-3-1,21.0,-1.0999999999999999,Afternoon,February
Sun,2024-03-03,Manchester City,3.3,3–1,0.2,Manchester Utd,1.0,8.0,3,1,0.2999999999999998,-0.8,4,3.5,-0.5,73.0,3-2-4-1,27.0,15:30,27.0,4-2-4-0,3.0,3.0999999999999996,Afternoon,March
Sat,2023-10-07,Burnley,0.7,1–4,1.9,Chelsea,19.0,6.0,1,4,-0.3,-2.1,5,2.6,-2.4000000000000004,38.0,4-3-3,10.0,15:00,62.0,4-3-3,8.0,-1.2,Afternoon,October
Tue,2024-04-23,Arsenal,3.3,5–0,1.6,Chelsea,2.0,6.0,5,0,-1.7000000000000002,1.6,5,4.9,-0.0999999999999996,45.0,4-3-3,27.0,20:00,55.0,4-2-3-1,7.0,1.6999999999999997,Evening,April
Sun,2023-12-10,Everton,1.2,2–0,0.9,Chelsea,15.0,6.0,2,0,-0.8,0.9,2,2.1,0.1,29.0,4-4-1-1,9.0,14:00,71.0,4-2-3-1,16.0,0.29999999999999993,Afternoon,December
Sun,2024-04-07,Sheffield Ud,1.4,2–2,0.3,Chelsea,20.0,6.0,2,2,-0.6000000000000001,-1.7,4,1.7,-2.3,32.0,3-5-2,11.0,17:30,68.0,4-2-3-1,6.0,1.0999999999999999,Evening,April
Wed,2024-05-15,Brighton,1.3,1–2,1.5,Chelsea,11.0,6.0,1,2,0.3,-0.5,3,2.8,-0.2000000000000001,55.0,4-2-3-1,12.0,19:45,45.0,4-2-3-1,14.0,-0.19999999999999996,Evening,May
Sun,2023-09-17,Bournemouth,1.0,0–0,1.8,Chelsea,12.0,6.0,0,0,1.0,1.8,0,2.8,2.8,36.0,4-2-3-1,13.0,14:00,64.0,4-2-3-1,14.0,-0.8,Afternoon,September
Sat,2023-11-25,Newcastle Utd,2.4,4–1,0.5,Chelsea,7.0,6.0,4,1,-1.6,-0.5,5,2.9,-2.1,54.0,4-3-3,14.0,15:00,46.0,4-2-3-1,7.0,1.9,Afternoon,November
Sat,2024-03-02,Brentford,1.8,2–2,1.8,Chelsea,16.0,6.0,2,2,-0.1999999999999999,-0.1999999999999999,4,3.6,-0.3999999999999999,33.0,3-5-2,14.0,15:00,67.0,3-5-2,17.0,0.0,Afternoon,March
Wed,2023-12-06,Manchester Utd,4.1,2–1,1.5,Chelsea,8.0,6.0,2,1,2.1,0.5,3,5.6,2.6,45.0,4-2-3-1,27.0,20:15,55.0,4-2-3-1,13.0,2.5999999999999996,Evening,December
Sat,2024-05-11,Nott'ham Forest,1.5,2–3,1.6,Chelsea,17.0,6.0,2,3,-0.5,-1.4,5,3.1,-1.9,33.0,5-4-1,20.0,17:30,67.0,4-2-3-1,12.0,-0.10000000000000009,Evening,May
Mon,2023-10-02,Fulham,1.1,0–2,1.7,Chelsea,13.0,6.0,0,2,1.1,-0.3,2,2.8,0.7999999999999998,56.0,4-3-3,10.0,20:00,44.0,4-3-3,11.0,-0.5999999999999999,Evening,October
Wed,2024-01-31,Liverpool,2.9,4–1,0.6,Chelsea,3.0,6.0,4,1,-1.1,-0.4,5,3.5,-1.5,50.0,4-3-3,27.0,20:15,50.0,4-2-3-1,4.0,2.3,Evening,January
Sun,2023-12-24,Wolves,1.3,2–1,2.0,Chelsea,14.0,6.0,2,1,-0.7,1.0,3,3.3,0.2999999999999998,32.0,3-4-3,14.0,13:00,68.0,4-2-3-1,16.0,-0.7,Afternoon,December
Mon,2023-11-06,Tottenham,0.9,1–4,4.1,Chelsea,5.0,6.0,1,4,-0.0999999999999999,0.0999999999999996,5,5.0,0.0,40.0,4-2-3-1,8.0,20:00,60.0,4-2-3-1,16.0,-3.1999999999999997,Evening,November
Sat,2024-04-27,Aston Villa,1.1,2–2,1.6,Chelsea,4.0,6.0,2,2,-0.8999999999999999,-0.3999999999999999,4,2.7,-1.2999999999999998,29.0,4-4-1-1,9.0,20:00,71.0,4-2-3-1,21.0,-0.5,Evening,April
Sun,2023-08-20,West Ham,1.8,3–1,2.5,Chelsea,9.0,6.0,3,1,-1.2,1.5,4,4.3,0.2999999999999998,25.0,4-2-3-1,11.0,16:30,75.0,3-4-3,16.0,-0.7,Afternoon,August
Mon,2024-02-12,Crystal Palace,0.6,1–3,1.4,Chelsea,10.0,6.0,1,3,-0.4,-1.6,4,2.0,-2.0,23.0,4-1-4-1,13.0,20:00,77.0,4-2-3-1,14.0,-0.7999999999999999,Evening,February
Sat,2023-12-30,Luton Town,2.3,2–3,1.5,Chelsea,18.0,6.0,2,3,0.2999999999999998,-1.5,5,3.8,-1.2000000000000002,52.0,3-4-3,15.0,12:30,48.0,4-2-3-1,12.0,0.7999999999999998,Afternoon,December
Sat,2024-02-17,Manchester City,2.6,1–1,1.4,Chelsea,1.0,6.0,1,1,1.6,0.3999999999999999,2,4.0,2.0,70.0,4-1-4-1,31.0,17:30,30.0,4-2-3-1,9.0,1.2000000000000002,Evening,February
Sat,2023-11-04,Burnley,1.1,0–2,1.3,Crystal Palace,19.0,10.0,0,2,1.1,-0.7,2,2.4000000000000004,0.4000000000000003,67.0,4-4-2,17.0,15:00,33.0,4-2-3-1,4.0,-0.19999999999999996,Afternoon,November
Sat,2024-01-20,Arsenal,3.3,5–0,0.3,Crystal Palace,2.0,10.0,5,0,-1.7000000000000002,0.3,5,3.6,-1.4000000000000004,60.0,4-3-3,21.0,12:30,40.0,3-4-3,12.0,3.0,Afternoon,January
Mon,2024-02-19,Everton,1.7,1–1,0.7,Crystal Palace,15.0,10.0,1,1,0.7,-0.3,2,2.4,0.3999999999999999,61.0,4-4-1-1,19.0,20:00,39.0,3-4-3,10.0,1.0,Evening,February
Sat,2023-08-12,Sheffield Ud,0.5,0–1,1.9,Crystal Palace,20.0,10.0,0,1,0.5,0.8999999999999999,1,2.4,1.4,32.0,3-4-3,8.0,15:00,68.0,4-2-3-1,24.0,-1.4,Afternoon,August
Sat,2024-02-03,Brighton,1.4,4–1,0.3,Crystal Palace,11.0,10.0,4,1,-2.6,-0.7,5,1.7,-3.3,68.0,3-4-3,13.0,15:00,32.0,4-3-3,7.0,1.0999999999999999,Afternoon,February
Tue,2024-04-02,Bournemouth,1.1,1–0,0.2,Crystal Palace,12.0,10.0,1,0,0.1,0.2,1,1.3,0.3,50.0,4-3-3,11.0,19:45,50.0,3-4-3,3.0,0.9000000000000001,Evening,April
Sat,2023-10-21,Newcastle Utd,2.4,4–0,1.2,Crystal Palace,7.0,10.0,4,0,-1.6,1.2,4,3.6,-0.4000000000000003,59.0,4-3-3,10.0,15:00,41.0,4-3-3,17.0,1.2,Afternoon,October
Sat,2023-08-26,Brentford,1.0,1–1,0.8,Crystal Palace,16.0,10.0,1,1,0.0,-0.1999999999999999,2,1.8,-0.1999999999999999,60.0,4-3-3,12.0,15:00,40.0,4-2-3-1,15.0,0.19999999999999996,Afternoon,August
Wed,2023-12-27,Chelsea,2.6,2–1,1.1,Crystal Palace,6.0,10.0,2,1,0.6000000000000001,0.1,3,3.7,0.7000000000000002,63.0,4-2-3-1,8.0,19:30,37.0,4-3-3,13.0,1.5,Evening,December
Sat,2023-09-30,Manchester Utd,1.3,0–1,0.9,Crystal Palace,8.0,10.0,0,1,1.3,-0.0999999999999999,1,2.2,1.2000000000000002,77.0,4-2-3-1,19.0,15:00,23.0,4-3-3,8.0,0.4,Afternoon,September
Sat,2024-03-30,Nott'ham Forest,0.9,1–1,1.2,Crystal Palace,17.0,10.0,1,1,-0.0999999999999999,0.1999999999999999,2,2.1,0.1,59.0,4-2-3-1,12.0,15:00,41.0,3-4-3,10.0,-0.29999999999999993,Afternoon,March
Sat,2024-04-27,Fulham,1.1,1–1,1.0,Crystal Palace,13.0,10.0,1,1,0.1,0.0,2,2.1,0.1,53.0,4-2-3-1,9.0,15:00,47.0,3-4-3,14.0,0.10000000000000009,Afternoon,April
Sun,2024-04-14,Liverpool,2.7,0–1,2.0,Crystal Palace,3.0,10.0,0,1,2.7,1.0,1,4.7,3.7,69.0,4-3-3,21.0,14:00,31.0,3-4-3,8.0,0.7000000000000002,Afternoon,April
Sat,2024-05-11,Wolves,1.6,1–3,2.6,Crystal Palace,14.0,10.0,1,3,0.6000000000000001,-0.3999999999999999,4,4.2,0.2000000000000001,62.0,3-5-1-1,14.0,15:00,38.0,3-4-3,13.0,-1.0,Afternoon,May
Sat,2024-03-02,Tottenham,1.9,3–1,0.3,Crystal Palace,5.0,10.0,3,1,-1.1,-0.7,4,2.2,-1.8000000000000005,78.0,4-2-3-1,14.0,15:00,22.0,3-4-3,4.0,1.5999999999999999,Afternoon,March
Sat,2023-09-16,Aston Villa,3.0,3–1,1.2,Crystal Palace,4.0,10.0,3,1,0.0,0.1999999999999999,4,4.2,0.2000000000000001,66.0,4-2-3-1,15.0,15:00,34.0,4-4-1-1,6.0,1.8,Afternoon,September
Sun,2023-12-03,West Ham,1.1,1–1,0.9,Crystal Palace,9.0,10.0,1,1,0.1,-0.0999999999999999,2,2.0,0.0,55.0,4-2-3-1,9.0,14:00,45.0,4-3-3,9.0,0.20000000000000007,Afternoon,December
Sat,2023-11-25,Luton Town,0.9,2–1,1.6,Crystal Palace,18.0,10.0,2,1,-1.1,0.6000000000000001,3,2.5,-0.5,39.0,3-4-3,8.0,15:00,61.0,4-2-3-1,16.0,-0.7000000000000001,Afternoon,November
Sat,2023-12-16,Manchester City,1.6,2–2,1.8,Crystal Palace,1.0,10.0,2,2,-0.3999999999999999,-0.1999999999999999,4,3.4000000000000004,-0.5999999999999996,74.0,4-2-3-1,19.0,15:00,26.0,5-4-1,4.0,-0.19999999999999996,Afternoon,December
Sat,2023-11-25,Burnley,1.3,1–2,0.9,West Ham,19.0,9.0,1,2,0.3,-1.1,3,2.2,-0.7999999999999998,50.0,4-4-2,10.0,15:00,50.0,4-2-3-1,11.0,0.4,Afternoon,November
Thu,2023-12-28,Arsenal,2.7,0–2,1.4,West Ham,2.0,9.0,0,2,2.7,-0.6000000000000001,2,4.1,2.1,73.0,4-3-3,30.0,20:15,27.0,4-2-3-1,5.0,1.3000000000000003,Evening,December
Sat,2024-03-02,Everton,2.7,1–3,1.9,West Ham,15.0,9.0,1,3,1.7000000000000002,-1.1,4,4.6,0.5999999999999996,55.0,4-4-1-1,21.0,15:00,45.0,4-2-3-1,12.0,0.8000000000000003,Afternoon,March
Sun,2024-01-21,Sheffield Ud,2.5,2–2,2.3,West Ham,20.0,9.0,2,2,0.5,0.2999999999999998,4,4.8,0.7999999999999998,57.0,4-1-4-1,20.0,14:00,43.0,4-4-1-1,15.0,0.20000000000000018,Afternoon,January
Sat,2023-08-26,Brighton,1.5,1–3,3.0,West Ham,11.0,9.0,1,3,0.5,0.0,4,4.5,0.5,78.0,4-2-3-1,25.0,17:30,22.0,4-1-4-1,12.0,-1.5,Evening,August
Sat,2023-08-12,Bournemouth,1.3,1–1,1.1,West Ham,12.0,9.0,1,1,0.3,0.1,2,2.4000000000000004,0.4000000000000003,62.0,4-2-3-1,14.0,15:00,38.0,4-2-3-1,16.0,0.19999999999999996,Afternoon,August
Sat,2024-03-30,Newcastle Utd,4.1,4–3,1.4,West Ham,7.0,9.0,4,3,0.0999999999999996,-1.6,7,5.5,-1.5,60.0,4-3-3,22.0,12:30,40.0,4-2-3-1,10.0,2.6999999999999997,Afternoon,March
Sat,2023-11-04,Brentford,1.5,3–2,1.8,West Ham,16.0,9.0,3,2,-1.5,-0.1999999999999999,5,3.3,-1.7000000000000002,58.0,4-3-3,16.0,15:00,42.0,4-4-2,12.0,-0.30000000000000004,Afternoon,November
Sun,2024-05-05,Chelsea,4.1,5–0,0.9,West Ham,6.0,9.0,5,0,-0.9000000000000004,0.9,5,5.0,0.0,69.0,4-2-3-1,25.0,14:00,31.0,4-2-3-1,13.0,3.1999999999999997,Afternoon,May
Sun,2024-02-04,Manchester Utd,0.7,3–0,1.4,West Ham,8.0,9.0,3,0,-2.3,1.4,3,2.1,-0.9000000000000004,51.0,4-2-3-1,12.0,14:00,49.0,4-2-3-1,22.0,-0.7,Afternoon,February
Sat,2024-02-17,Nott'ham Forest,2.8,2–0,0.5,West Ham,17.0,9.0,2,0,0.7999999999999998,0.5,2,3.3,1.2999999999999998,49.0,4-2-3-1,19.0,15:00,51.0,4-2-3-1,10.0,2.3,Afternoon,February
Sun,2023-12-10,Fulham,2.3,5–0,1.3,West Ham,13.0,9.0,5,0,-2.7,1.3,5,3.6,-1.4000000000000004,63.0,4-2-3-1,14.0,14:00,37.0,4-4-1-1,9.0,0.9999999999999998,Afternoon,December
Sun,2023-09-24,Liverpool,3.0,3–1,1.1,West Ham,3.0,9.0,3,1,0.0,0.1,4,4.1,0.0999999999999996,63.0,4-3-3,21.0,14:00,37.0,4-2-3-1,11.0,1.9,Afternoon,September
Sat,2024-04-06,Wolves,1.5,1–2,1.2,West Ham,14.0,9.0,1,2,0.5,-0.8,3,2.7,-0.2999999999999998,58.0,3-4-3,13.0,15:00,42.0,4-2-3-1,10.0,0.30000000000000004,Afternoon,April
Thu,2023-12-07,Tottenham,1.8,1–2,2.2,West Ham,5.0,9.0,1,2,0.8,0.2000000000000001,3,4.0,1.0,74.0,4-2-3-1,23.0,20:15,26.0,4-3-3,11.0,-0.40000000000000013,Evening,December
Sun,2023-10-22,Aston Villa,1.9,4–1,1.1,West Ham,4.0,9.0,4,1,-2.1,0.1,5,3.0,-2.0,58.0,4-4-2,14.0,16:30,42.0,4-2-3-1,14.0,0.7999999999999998,Afternoon,October
Sun,2024-04-21,Crystal Palace,2.4,5–2,1.3,West Ham,10.0,9.0,5,2,-2.6,-0.7,7,3.7,-3.3,60.0,3-4-3,18.0,15:00,40.0,4-2-3-1,4.0,1.0999999999999999,Afternoon,April
Fri,2023-09-01,Luton Town,1.4,1–2,1.0,West Ham,18.0,9.0,1,2,0.3999999999999999,-1.0,3,2.4,-0.6000000000000001,39.0,5-3-2,16.0,20:00,61.0,4-2-3-1,9.0,0.3999999999999999,Evening,September
Sun,2024-05-19,Manchester City,1.9,3–1,0.4,West Ham,1.0,9.0,3,1,-1.1,-0.6,4,2.3,-1.7000000000000002,71.0,4-1-4-1,28.0,16:00,29.0,3-4-3,3.0,1.5,Afternoon,May
Sat,2023-12-02,Burnley,1.8,5–0,0.4,Sheffield Ud,19.0,20.0,5,0,-3.2,0.4,5,2.2,-2.8,63.0,4-4-2,19.0,15:00,37.0,3-4-3,6.0,1.4,Afternoon,December
Sat,2023-10-28,Arsenal,2.8,5–0,0.0,Sheffield Ud,2.0,20.0,5,0,-2.2,0.0,5,2.8,-2.2,67.0,4-3-3,12.0,15:00,33.0,4-4-2,2.0,2.8,Afternoon,October
Sat,2024-05-11,Everton,2.3,1–0,0.6,Sheffield Ud,15.0,20.0,1,0,1.2999999999999998,0.6,1,2.9,1.9,58.0,4-4-1-1,15.0,15:00,42.0,3-5-2,13.0,1.6999999999999997,Afternoon,May
Sun,2023-11-12,Brighton,1.5,1–1,1.1,Sheffield Ud,11.0,20.0,1,1,0.5,0.1,2,2.6,0.6000000000000001,61.0,4-2-3-1,11.0,14:00,39.0,3-4-3,9.0,0.3999999999999999,Afternoon,November
Sat,2024-03-09,Bournemouth,3.3,2–2,1.2,Sheffield Ud,12.0,20.0,2,2,1.2999999999999998,-0.8,4,4.5,0.5,69.0,4-2-3-1,31.0,15:00,31.0,3-5-2,13.0,2.0999999999999996,Afternoon,March
Sat,2024-04-27,Newcastle Utd,3.1,5–1,1.5,Sheffield Ud,7.0,20.0,5,1,-1.9,0.5,6,4.6,-1.4000000000000004,60.0,4-3-3,19.0,15:00,40.0,3-5-2,15.0,1.6,Afternoon,April
Sat,2024-04-13,Brentford,1.0,2–0,0.8,Sheffield Ud,16.0,20.0,2,0,-1.0,0.8,2,1.8,-0.1999999999999999,53.0,4-3-3,9.0,15:00,47.0,3-5-2,8.0,0.19999999999999996,Afternoon,April
Sat,2023-12-16,Chelsea,3.1,2–0,0.4,Sheffield Ud,6.0,20.0,2,0,1.1,0.4,2,3.5,1.5,78.0,4-2-3-1,15.0,15:00,22.0,4-1-4-1,6.0,2.7,Afternoon,December
Wed,2024-04-24,Manchester Utd,2.9,4–2,0.8,Sheffield Ud,8.0,20.0,4,2,-1.1,-1.2,6,3.7,-2.3,71.0,4-2-3-1,24.0,20:00,29.0,3-5-2,10.0,2.0999999999999996,Evening,April
Fri,2023-08-18,Nott'ham Forest,1.4,2–1,0.5,Sheffield Ud,17.0,20.0,2,1,-0.6000000000000001,-0.5,3,1.9,-1.1,50.0,3-4-3,16.0,19:45,50.0,3-4-3,7.0,0.8999999999999999,Evening,August
Sat,2023-10-07,Fulham,2.2,3–1,0.6,Sheffield Ud,13.0,20.0,3,1,-0.7999999999999998,-0.4,4,2.8000000000000003,-1.1999999999999995,60.0,4-3-3,20.0,15:00,40.0,3-5-2,5.0,1.6,Afternoon,October
Thu,2024-04-04,Liverpool,1.8,3–1,0.6,Sheffield Ud,3.0,20.0,3,1,-1.2,-0.4,4,2.4,-1.6,82.0,4-3-3,29.0,19:30,18.0,3-5-2,5.0,1.2000000000000002,Evening,April
Sun,2024-02-25,Wolves,1.3,1–0,0.6,Sheffield Ud,14.0,20.0,1,0,0.3,0.6,1,1.9,0.8999999999999999,63.0,3-4-3,13.0,13:30,37.0,3-5-2,12.0,0.7000000000000001,Afternoon,February
Sat,2023-09-16,Tottenham,2.1,2–1,0.7,Sheffield Ud,5.0,20.0,2,1,0.1,-0.3,3,2.8,-0.2000000000000001,70.0,4-2-3-1,28.0,15:00,30.0,3-5-2,7.0,1.4000000000000001,Afternoon,September
Fri,2023-12-22,Aston Villa,0.9,1–1,0.6,Sheffield Ud,4.0,20.0,1,1,-0.0999999999999999,-0.4,2,1.5,-0.5,77.0,4-4-1-1,12.0,20:00,23.0,3-4-3,5.0,0.30000000000000004,Evening,December
Sat,2023-09-30,West Ham,2.1,2–0,1.1,Sheffield Ud,9.0,20.0,2,0,0.1,1.1,2,3.2,1.2000000000000002,52.0,4-2-3-1,20.0,15:00,48.0,3-5-2,16.0,1.0,Afternoon,September
Tue,2024-01-30,Crystal Palace,1.1,3–2,0.8,Sheffield Ud,10.0,20.0,3,2,-1.9,-1.2,5,1.9,-3.1,53.0,4-3-3,12.0,20:00,47.0,4-1-4-1,9.0,0.30000000000000004,Evening,January
Sat,2024-02-10,Luton Town,1.8,1–3,1.7,Sheffield Ud,18.0,20.0,1,3,0.8,-1.3,4,3.5,-0.5,74.0,3-4-3,19.0,15:00,26.0,5-4-1,6.0,0.10000000000000009,Afternoon,February
Sat,2023-12-30,Manchester City,2.2,2–0,0.3,Sheffield Ud,1.0,20.0,2,0,0.2000000000000001,0.3,2,2.5,0.5,80.0,4-2-3-1,18.0,15:00,20.0,3-4-3,4.0,1.9000000000000001,Afternoon,December
Sat,2023-12-16,Burnley,0.7,0–2,1.4,Everton,19.0,15.0,0,2,0.7,-0.6000000000000001,2,2.1,0.0999999999999996,61.0,4-4-2,14.0,17:30,39.0,5-4-1,9.0,-0.7,Evening,December
Sun,2024-05-19,Arsenal,2.9,2–1,0.6,Everton,2.0,15.0,2,1,0.8999999999999999,-0.4,3,3.5,0.5,68.0,4-3-3,26.0,16:00,32.0,4-4-1-1,5.0,2.3,Afternoon,May
Sat,2023-09-02,Sheffield Ud,1.2,2–2,2.5,Everton,20.0,15.0,2,2,-0.8,0.5,4,3.7,-0.2999999999999998,46.0,3-5-2,13.0,12:30,54.0,4-4-1-1,16.0,-1.3,Afternoon,September
Sat,2024-02-24,Brighton,1.4,1–1,0.3,Everton,11.0,15.0,1,1,0.3999999999999999,-0.7,2,1.7,-0.3,64.0,4-2-3-1,23.0,15:00,36.0,4-4-1-1,6.0,1.0999999999999999,Afternoon,February
Sat,2024-03-30,Bournemouth,1.3,2–1,1.0,Everton,12.0,15.0,2,1,-0.7,0.0,3,2.3,-0.7000000000000002,48.0,4-2-3-1,11.0,15:00,52.0,4-4-1-1,7.0,0.30000000000000004,Afternoon,March
Tue,2024-04-02,Newcastle Utd,2.4,1–1,1.4,Everton,7.0,15.0,1,1,1.4,0.3999999999999999,2,3.8,1.7999999999999998,57.0,4-3-3,18.0,19:30,43.0,4-4-1-1,9.0,1.0,Evening,April
Sat,2023-09-23,Brentford,1.0,1–3,1.9,Everton,16.0,15.0,1,3,0.0,-1.1,4,2.9,-1.1,57.0,4-3-3,12.0,17:30,43.0,4-4-1-1,18.0,-0.8999999999999999,Evening,September
Mon,2024-04-15,Chelsea,3.1,6–0,1.5,Everton,6.0,15.0,6,0,-2.9,1.5,6,4.6,-1.4000000000000004,58.0,4-2-3-1,13.0,20:00,42.0,4-4-1-1,10.0,1.6,Evening,April
Sat,2024-03-09,Manchester Utd,2.7,2–0,1.6,Everton,8.0,15.0,2,0,0.7000000000000002,1.6,2,4.300000000000001,2.3000000000000007,51.0,4-2-4-0,13.0,12:30,49.0,4-4-1-1,23.0,1.1,Afternoon,March
Sat,2023-12-02,Nott'ham Forest,0.7,0–1,0.7,Everton,17.0,15.0,0,1,0.7,-0.3,1,1.4,0.3999999999999999,61.0,4-3-3,13.0,17:30,39.0,4-4-1-1,12.0,0.0,Evening,December
Tue,2024-01-30,Fulham,1.6,0–0,1.9,Everton,13.0,15.0,0,0,1.6,1.9,0,3.5,3.5,70.0,4-2-3-1,25.0,19:45,30.0,4-4-1-1,21.0,-0.2999999999999998,Evening,January
Sat,2023-10-21,Liverpool,2.2,2–0,0.1,Everton,3.0,15.0,2,0,0.2000000000000001,0.1,2,2.3000000000000003,0.3000000000000002,77.0,4-3-3,25.0,12:30,23.0,4-4-1-1,6.0,2.1,Afternoon,October
Sat,2023-12-30,Wolves,1.9,3–0,0.4,Everton,14.0,15.0,3,0,-1.1,0.4,3,2.3,-0.7000000000000002,53.0,3-4-3,12.0,15:00,47.0,5-4-1,10.0,1.5,Afternoon,December
Sat,2023-12-23,Tottenham,1.5,2–1,1.8,Everton,5.0,15.0,2,1,-0.5,0.8,3,3.3,0.2999999999999998,61.0,4-2-3-1,13.0,15:00,39.0,4-2-3-1,18.0,-0.30000000000000004,Afternoon,December
Sun,2023-08-20,Aston Villa,2.9,4–0,0.6,Everton,4.0,15.0,4,0,-1.1,0.6,4,3.5,-0.5,60.0,4-2-3-1,12.0,14:00,40.0,4-1-4-1,9.0,2.3,Afternoon,August
Sun,2023-10-29,West Ham,0.7,0–1,0.8,Everton,9.0,15.0,0,1,0.7,-0.1999999999999999,1,1.5,0.5,64.0,4-2-3-1,12.0,13:00,36.0,4-4-1-1,10.0,-0.10000000000000009,Afternoon,October
Sat,2023-11-11,Crystal Palace,2.2,2–3,1.5,Everton,10.0,15.0,2,3,0.2000000000000001,-1.5,5,3.7,-1.2999999999999998,67.0,4-2-3-1,12.0,15:00,33.0,4-4-1-1,8.0,0.7000000000000002,Afternoon,November
Fri,2024-05-03,Luton Town,0.8,1–1,1.4,Everton,18.0,15.0,1,1,-0.1999999999999999,0.3999999999999999,2,2.2,0.2000000000000001,51.0,3-4-3,18.0,20:00,49.0,4-4-1-1,9.0,-0.5999999999999999,Evening,May
Sat,2024-02-10,Manchester City,1.6,2–0,0.3,Everton,1.0,15.0,2,0,-0.3999999999999999,0.3,2,1.9,-0.0999999999999998,72.0,4-1-4-1,19.0,12:30,28.0,4-2-3-1,5.0,1.3,Afternoon,February
Tue,2023-12-26,Burnley,0.8,0–2,1.8,Liverpool,19.0,3.0,0,2,0.8,-0.1999999999999999,2,2.6,0.6000000000000001,32.0,4-4-2,9.0,17:30,68.0,4-3-3,19.0,-1.0,Evening,December
Sun,2024-02-04,Arsenal,3.5,3–1,0.4,Liverpool,2.0,3.0,3,1,0.5,-0.6,4,3.9,-0.1,43.0,4-3-3,15.0,16:30,57.0,4-3-3,10.0,3.1,Afternoon,February
Wed,2024-04-24,Everton,1.2,2–0,2.1,Liverpool,15.0,3.0,2,0,-0.8,2.1,2,3.3,1.2999999999999998,25.0,4-4-1-1,16.0,20:00,75.0,4-3-3,23.0,-0.9000000000000001,Evening,April
Wed,2023-12-06,Sheffield Ud,1.0,0–2,1.7,Liverpool,20.0,3.0,0,2,1.0,-0.3,2,2.7,0.7000000000000002,25.0,3-4-3,6.0,19:30,75.0,4-3-3,15.0,-0.7,Evening,December
Sun,2023-10-08,Brighton,2.3,2–2,2.3,Liverpool,11.0,3.0,2,2,0.2999999999999998,0.2999999999999998,4,4.6,0.5999999999999996,46.0,4-2-3-1,14.0,14:00,54.0,4-3-3,13.0,0.0,Afternoon,October
Sun,2024-01-21,Bournemouth,1.4,0–4,1.5,Liverpool,12.0,3.0,0,4,1.4,-2.5,4,2.9,-1.1,40.0,4-2-3-1,11.0,16:30,60.0,4-3-3,14.0,-0.10000000000000009,Afternoon,January
Sun,2023-08-27,Newcastle Utd,2.0,1–2,0.9,Liverpool,7.0,3.0,1,2,1.0,-1.1,3,2.9,-0.1,59.0,4-3-3,23.0,16:30,41.0,4-3-3,9.0,1.1,Afternoon,August
Sat,2024-02-17,Brentford,1.6,1–4,2.8,Liverpool,16.0,3.0,1,4,0.6000000000000001,-1.2000000000000002,5,4.4,-0.5999999999999996,38.0,3-5-2,15.0,12:30,62.0,4-3-3,15.0,-1.1999999999999997,Afternoon,February
Sun,2023-08-13,Chelsea,1.4,1–1,1.3,Liverpool,6.0,3.0,1,1,0.3999999999999999,0.3,2,2.7,0.7000000000000002,65.0,3-4-3,10.0,16:30,35.0,4-3-3,13.0,0.09999999999999987,Afternoon,August
Sun,2024-04-07,Manchester Utd,0.7,2–2,3.6,Liverpool,8.0,3.0,2,2,-1.3,1.6,4,4.3,0.2999999999999998,38.0,4-2-3-1,9.0,15:30,62.0,4-3-3,27.0,-2.9000000000000004,Afternoon,April
Sat,2024-03-02,Nott'ham Forest,1.0,0–1,2.0,Liverpool,17.0,3.0,0,1,1.0,1.0,1,3.0,2.0,31.0,4-2-3-1,8.0,15:00,69.0,4-3-3,22.0,-1.0,Afternoon,March
Sun,2024-04-21,Fulham,0.8,1–3,1.0,Liverpool,13.0,3.0,1,3,-0.1999999999999999,-2.0,4,1.8,-2.2,40.0,4-2-3-1,12.0,16:30,60.0,4-3-3,14.0,-0.19999999999999996,Afternoon,April
Sat,2023-09-16,Wolves,0.6,1–3,2.5,Liverpool,14.0,3.0,1,3,-0.4,-0.5,4,3.1,-0.8999999999999999,35.0,4-2-3-1,11.0,12:30,65.0,4-3-3,16.0,-1.9,Afternoon,September
Sat,2023-09-30,Tottenham,2.2,2–1,1.3,Liverpool,5.0,3.0,2,1,0.2000000000000001,0.3,3,3.5,0.5,64.0,4-2-3-1,24.0,17:30,36.0,4-3-3,12.0,0.9000000000000001,Evening,September
Mon,2024-05-13,Aston Villa,3.1,3–3,1.7,Liverpool,4.0,3.0,3,3,0.1,-1.3,6,4.8,-1.2000000000000002,41.0,4-2-3-1,19.0,20:00,59.0,4-3-3,14.0,1.4000000000000001,Evening,May
Sat,2024-04-27,West Ham,0.7,2–2,1.7,Liverpool,9.0,3.0,2,2,-1.3,-0.3,4,2.4,-1.6,29.0,4-2-3-1,11.0,12:30,71.0,4-3-3,28.0,-1.0,Afternoon,April
Sat,2023-12-09,Crystal Palace,1.7,1–2,1.2,Liverpool,10.0,3.0,1,2,0.7,-0.8,3,2.9,-0.1,24.0,4-3-3,7.0,12:30,76.0,4-3-3,14.0,0.5,Afternoon,December
Sun,2023-11-05,Luton Town,0.8,1–1,2.6,Liverpool,18.0,3.0,1,1,-0.1999999999999999,1.6,2,3.4000000000000004,1.4000000000000004,27.0,3-4-3,8.0,16:30,73.0,4-3-3,24.0,-1.8,Afternoon,November
Sat,2023-11-25,Manchester City,1.3,1–1,0.6,Liverpool,1.0,3.0,1,1,0.3,-0.4,2,1.9,-0.1,59.0,3-2-4-1,16.0,12:30,41.0,4-3-3,8.0,0.7000000000000001,Afternoon,November
Fri,2024-01-12,Burnley,1.1,1–1,0.9,Luton Town,19.0,18.0,1,1,0.1,-0.0999999999999999,2,2.0,0.0,39.0,4-4-2,13.0,19:45,61.0,3-4-3,14.0,0.20000000000000007,Evening,January
Wed,2024-04-03,Arsenal,0.7,2–0,0.3,Luton Town,2.0,18.0,2,0,-1.3,0.3,2,1.0,-1.0,58.0,4-3-3,13.0,19:30,42.0,3-4-3,5.0,0.39999999999999997,Evening,April
Sat,2023-09-30,Everton,2.9,1–2,0.9,Luton Town,15.0,18.0,1,2,1.9,-1.1,3,3.8,0.7999999999999998,67.0,4-4-1-1,23.0,15:00,33.0,3-4-3,9.0,2.0,Afternoon,September
Tue,2023-12-26,Sheffield Ud,2.4,2–3,0.6,Luton Town,20.0,18.0,2,3,0.3999999999999999,-2.4,5,3.0,-2.0,51.0,4-4-2,21.0,15:00,49.0,3-4-3,12.0,1.7999999999999998,Afternoon,December
Sat,2023-08-12,Brighton,4.0,4–1,1.5,Luton Town,11.0,18.0,4,1,0.0,0.5,5,5.5,0.5,70.0,4-2-3-1,26.0,15:00,30.0,3-5-2,8.0,2.5,Afternoon,August
Wed,2024-03-13,Bournemouth,2.3,4–3,2.0,Luton Town,12.0,18.0,4,3,-1.7000000000000002,-1.0,7,4.3,-2.7,59.0,4-2-3-1,24.0,19:30,41.0,3-4-3,8.0,0.2999999999999998,Evening,March
Sat,2024-02-03,Newcastle Utd,2.3,4–4,2.4,Luton Town,7.0,18.0,4,4,-1.7000000000000002,-1.6,8,4.699999999999999,-3.3000000000000007,55.0,4-3-3,19.0,15:00,45.0,3-4-3,10.0,-0.10000000000000009,Afternoon,February
Sat,2023-12-02,Brentford,3.1,3–1,0.2,Luton Town,16.0,18.0,3,1,0.1,-0.8,4,3.3000000000000003,-0.6999999999999997,68.0,4-3-3,27.0,15:00,32.0,3-4-3,7.0,2.9,Afternoon,December
Fri,2023-08-25,Chelsea,2.2,3–0,0.4,Luton Town,6.0,18.0,3,0,-0.7999999999999998,0.4,3,2.6,-0.3999999999999999,67.0,3-4-3,19.0,20:00,33.0,5-3-2,11.0,1.8000000000000003,Evening,August
Sat,2023-11-11,Manchester Utd,2.2,1–0,0.4,Luton Town,8.0,18.0,1,0,1.2000000000000002,0.4,1,2.6,1.6,64.0,4-2-3-1,15.0,15:00,36.0,3-4-3,10.0,1.8000000000000003,Afternoon,November
Sat,2023-10-21,Nott'ham Forest,2.9,2–2,1.7,Luton Town,17.0,18.0,2,2,0.8999999999999999,-0.3,4,4.6,0.5999999999999996,57.0,4-3-3,19.0,15:00,43.0,4-4-2,13.0,1.2,Afternoon,October
Sat,2023-09-16,Fulham,1.0,1–0,1.1,Luton Town,13.0,18.0,1,0,0.0,1.1,1,2.1,1.1,77.0,4-3-3,13.0,15:00,23.0,5-3-2,7.0,-0.10000000000000009,Afternoon,September
Wed,2024-02-21,Liverpool,3.3,4–1,0.9,Luton Town,3.0,18.0,4,1,-0.7000000000000002,-0.0999999999999999,5,4.2,-0.7999999999999998,60.0,4-3-3,29.0,19:30,40.0,3-4-3,12.0,2.4,Evening,February
Sat,2024-04-27,Wolves,1.2,2–1,0.6,Luton Town,14.0,18.0,2,1,-0.8,-0.4,3,1.7999999999999998,-1.2000000000000002,58.0,3-5-1-1,13.0,15:00,42.0,3-4-3,9.0,0.6,Afternoon,April
Sat,2024-03-30,Tottenham,2.9,2–1,0.5,Luton Town,5.0,18.0,2,1,0.8999999999999999,-0.5,3,3.4,0.3999999999999999,70.0,4-2-3-1,17.0,15:00,30.0,4-3-3,7.0,2.4,Afternoon,March
Sun,2023-10-29,Aston Villa,2.3,3–1,0.5,Luton Town,4.0,18.0,3,1,-0.7000000000000002,-0.5,4,2.8,-1.2000000000000002,70.0,4-4-2,17.0,14:00,30.0,3-4-3,7.0,1.7999999999999998,Afternoon,October
Sat,2024-05-11,West Ham,3.2,3–1,0.3,Luton Town,9.0,18.0,3,1,0.2000000000000001,-0.7,4,3.5,-0.5,58.0,4-2-3-1,24.0,15:00,42.0,3-4-3,4.0,2.9000000000000004,Afternoon,May
Sat,2024-03-09,Crystal Palace,2.7,1–1,0.8,Luton Town,10.0,18.0,1,1,1.7000000000000002,-0.1999999999999999,2,3.5,1.5,49.0,3-4-3,21.0,15:00,51.0,3-4-3,8.0,1.9000000000000001,Afternoon,March
Sat,2024-04-13,Manchester City,4.2,5–1,0.5,Luton Town,1.0,18.0,5,1,-0.7999999999999998,-0.5,6,4.7,-1.2999999999999998,73.0,4-2-3-1,36.0,15:00,27.0,3-4-3,4.0,3.7,Afternoon,April
Sat,2024-02-03,Burnley,1.8,2–2,1.5,Fulham,19.0,13.0,2,2,-0.1999999999999999,-0.5,4,3.3,-0.7000000000000002,44.0,4-4-2,12.0,15:00,56.0,4-2-3-1,15.0,0.30000000000000004,Afternoon,February
Sat,2023-08-26,Arsenal,3.2,2–2,0.6,Fulham,2.0,13.0,2,2,1.2000000000000002,-1.4,4,3.8,-0.1999999999999997,71.0,4-3-3,18.0,15:00,29.0,4-3-3,8.0,2.6,Afternoon,August
Sat,2023-08-12,Everton,2.7,0–1,1.5,Fulham,15.0,13.0,0,1,2.7,0.5,1,4.2,3.2,42.0,4-4-1-1,19.0,15:00,58.0,4-3-3,9.0,1.2000000000000002,Afternoon,August
Sat,2024-03-30,Sheffield Ud,1.9,3–3,1.3,Fulham,20.0,13.0,3,3,-1.1,-1.7,6,3.2,-2.8,27.0,3-5-2,8.0,15:00,73.0,4-2-3-1,24.0,0.5999999999999999,Afternoon,March
Sun,2023-10-29,Brighton,1.4,1–1,0.7,Fulham,11.0,13.0,1,1,0.3999999999999999,-0.3,2,2.1,0.0999999999999996,71.0,3-4-3,18.0,14:00,29.0,4-2-3-1,10.0,0.7,Afternoon,October
Tue,2023-12-26,Bournemouth,1.8,3–0,0.3,Fulham,12.0,13.0,3,0,-1.2,0.3,3,2.1,-0.8999999999999999,43.0,4-2-3-1,15.0,15:00,57.0,4-2-3-1,8.0,1.5,Afternoon,December
Sat,2023-12-16,Newcastle Utd,3.5,3–0,0.3,Fulham,7.0,13.0,3,0,0.5,0.3,3,3.8,0.7999999999999998,70.0,4-3-3,27.0,15:00,30.0,4-2-3-1,6.0,3.2,Afternoon,December
Sat,2024-05-04,Brentford,0.6,0–0,1.3,Fulham,16.0,13.0,0,0,0.6,1.3,0,1.9,1.9,54.0,4-3-3,7.0,15:00,46.0,4-2-3-1,15.0,-0.7000000000000001,Afternoon,May
Sat,2024-01-13,Chelsea,2.2,1–0,0.8,Fulham,6.0,13.0,1,0,1.2000000000000002,0.8,1,3.0,2.0,55.0,4-2-3-1,16.0,12:30,45.0,4-2-3-1,14.0,1.4000000000000001,Afternoon,January
Sat,2024-02-24,Manchester Utd,1.7,1–2,1.2,Fulham,8.0,13.0,1,2,0.7,-0.8,3,2.9,-0.1,57.0,4-2-3-1,21.0,15:00,43.0,4-2-3-1,17.0,0.5,Afternoon,February
Tue,2024-04-02,Nott'ham Forest,1.5,3–1,1.5,Fulham,17.0,13.0,3,1,-1.5,0.5,4,3.0,-1.0,34.0,4-2-3-1,16.0,19:30,66.0,4-2-3-1,18.0,0.0,Evening,April
Sun,2023-12-03,Liverpool,2.1,4–3,1.2,Fulham,3.0,13.0,4,3,-1.9,-1.8,7,3.3,-3.7,61.0,4-3-3,26.0,14:00,39.0,4-2-3-1,9.0,0.9000000000000001,Afternoon,December
Sat,2024-03-09,Wolves,0.8,2–1,2.6,Fulham,14.0,13.0,2,1,-1.2,1.6,3,3.4000000000000004,0.4000000000000003,48.0,4-2-3-1,8.0,15:00,52.0,4-2-3-1,23.0,-1.8,Afternoon,March
Mon,2023-10-23,Tottenham,1.5,2–0,1.0,Fulham,5.0,13.0,2,0,-0.5,1.0,2,2.5,0.5,55.0,4-2-3-1,15.0,20:00,45.0,4-2-3-1,10.0,0.5,Evening,October
Sun,2023-11-12,Aston Villa,3.0,3–1,0.9,Fulham,4.0,13.0,3,1,0.0,-0.0999999999999999,4,3.9,-0.1,51.0,4-2-2-2,12.0,14:00,49.0,4-2-3-1,9.0,2.1,Afternoon,November
Sun,2024-04-14,West Ham,0.9,0–2,3.2,Fulham,9.0,13.0,0,2,0.9,1.2000000000000002,2,4.1000000000000005,2.1000000000000005,58.0,4-2-3-1,15.0,14:00,42.0,4-2-3-1,18.0,-2.3000000000000003,Afternoon,April
Sat,2023-09-23,Crystal Palace,0.3,0–0,0.6,Fulham,10.0,13.0,0,0,0.3,0.6,0,0.8999999999999999,0.8999999999999999,51.0,4-2-3-1,7.0,15:00,49.0,4-3-3,10.0,-0.3,Afternoon,September
Sun,2024-05-19,Luton Town,2.0,2–4,1.1,Fulham,18.0,13.0,2,4,0.0,-2.9,6,3.1,-2.9,41.0,3-4-3,14.0,16:00,59.0,4-2-3-1,16.0,0.8999999999999999,Afternoon,May
Sat,2023-09-02,Manchester City,2.2,5–1,1.4,Fulham,1.0,13.0,5,1,-2.8,0.3999999999999999,6,3.6,-2.4,68.0,4-2-3-1,6.0,15:00,32.0,4-3-3,6.0,0.8000000000000003,Afternoon,September
Sat,2024-02-17,Burnley,0.3,0–5,2.3,Arsenal,19.0,2.0,0,5,0.3,-2.7,5,2.6,-2.4000000000000004,36.0,4-4-2,8.0,15:00,64.0,4-3-3,15.0,-1.9999999999999998,Afternoon,February
Sun,2023-09-17,Everton,0.3,0–1,1.0,Arsenal,15.0,2.0,0,1,0.3,0.0,1,1.3,0.3,26.0,4-5-1,8.0,16:30,74.0,4-3-3,13.0,-0.7,Afternoon,September
Mon,2024-03-04,Sheffield Ud,0.2,0–6,2.3,Arsenal,20.0,2.0,0,6,0.2,-3.7,6,2.5,-3.5,20.0,4-5-1,4.0,20:00,80.0,4-3-3,22.0,-2.0999999999999996,Evening,March
Sat,2024-04-06,Brighton,0.5,0–3,3.4,Arsenal,11.0,2.0,0,3,0.5,0.3999999999999999,3,3.9,0.8999999999999999,54.0,4-2-3-1,10.0,17:30,46.0,4-3-3,19.0,-2.9,Evening,April
Sat,2023-09-30,Bournemouth,0.6,0–4,3.4,Arsenal,12.0,2.0,0,4,0.6,-0.6000000000000001,4,4.0,0.0,43.0,4-2-3-1,8.0,15:00,57.0,4-3-3,13.0,-2.8,Afternoon,September
Sat,2023-11-04,Newcastle Utd,1.0,1–0,0.6,Arsenal,7.0,2.0,1,0,0.0,0.6,1,1.6,0.6000000000000001,42.0,4-3-3,9.0,17:30,58.0,4-3-3,14.0,0.4,Evening,November
Sat,2023-11-25,Brentford,1.1,0–1,1.6,Arsenal,16.0,2.0,0,1,1.1,0.6000000000000001,1,2.7,1.7000000000000002,37.0,5-3-2,9.0,17:30,63.0,4-3-3,15.0,-0.5,Evening,November
Sat,2023-10-21,Chelsea,1.3,2–2,1.0,Arsenal,6.0,2.0,2,2,-0.7,-1.0,4,2.3,-1.7000000000000002,44.0,4-2-3-1,10.0,17:30,56.0,4-3-3,13.0,0.30000000000000004,Evening,October
Sun,2024-05-12,Manchester Utd,0.5,0–1,1.5,Arsenal,8.0,2.0,0,1,0.5,0.5,1,2.0,1.0,54.0,4-2-3-1,14.0,16:30,46.0,4-3-3,11.0,-1.0,Afternoon,May
Tue,2024-01-30,Nott'ham Forest,0.5,1–2,1.2,Arsenal,17.0,2.0,1,2,-0.5,-0.8,3,1.7,-1.3,27.0,4-2-3-1,9.0,19:30,73.0,4-3-3,19.0,-0.7,Evening,January
Sun,2023-12-31,Fulham,1.2,2–1,1.6,Arsenal,13.0,2.0,2,1,-0.8,0.6000000000000001,3,2.8,-0.2000000000000001,40.0,4-2-3-1,15.0,14:00,60.0,4-3-3,13.0,-0.40000000000000013,Afternoon,December
Sat,2023-12-23,Liverpool,1.0,1–1,0.7,Arsenal,3.0,2.0,1,1,0.0,-0.3,2,1.7,-0.3,52.0,4-3-3,13.0,17:30,48.0,4-3-3,13.0,0.30000000000000004,Evening,December
Sat,2024-04-20,Wolves,0.2,0–2,1.2,Arsenal,14.0,2.0,0,2,0.2,-0.8,2,1.4,-0.6000000000000001,46.0,4-4-2,5.0,19:30,54.0,4-3-3,24.0,-1.0,Evening,April
Sun,2024-04-28,Tottenham,2.3,2–3,1.0,Arsenal,5.0,2.0,2,3,0.2999999999999998,-2.0,5,3.3,-1.7000000000000002,62.0,4-2-3-1,14.0,14:00,38.0,4-3-3,9.0,1.2999999999999998,Afternoon,April
Sat,2023-12-09,Aston Villa,0.6,1–0,1.4,Arsenal,4.0,2.0,1,0,-0.4,1.4,1,2.0,1.0,39.0,4-4-1-1,10.0,17:30,61.0,4-3-3,12.0,-0.7999999999999999,Evening,December
Sun,2024-02-11,West Ham,0.2,0–6,3.6,Arsenal,9.0,2.0,0,6,0.2,-2.4,6,3.8,-2.2,30.0,4-2-3-1,5.0,14:00,70.0,4-3-3,24.0,-3.4,Afternoon,February
Mon,2023-08-21,Crystal Palace,1.0,0–1,2.0,Arsenal,10.0,2.0,0,1,1.0,1.0,1,3.0,2.0,47.0,4-2-3-1,14.0,20:00,53.0,4-3-3,13.0,-1.0,Evening,August
Tue,2023-12-05,Luton Town,0.5,3–4,2.2,Arsenal,18.0,2.0,3,4,-2.5,-1.7999999999999998,7,2.7,-4.3,34.0,3-4-3,6.0,20:15,66.0,4-3-3,23.0,-1.7000000000000002,Evening,December
Sun,2024-03-31,Manchester City,1.0,0–0,0.7,Arsenal,1.0,2.0,0,0,1.0,0.7,0,1.7,1.7,72.0,4-1-4-1,12.0,16:30,28.0,4-3-3,6.0,0.30000000000000004,Afternoon,March
Sun,2024-03-03,Burnley,1.5,0–2,1.1,Bournemouth,19.0,12.0,0,2,1.5,-0.8999999999999999,2,2.6,0.6000000000000001,74.0,4-4-2,20.0,13:00,26.0,4-2-3-1,10.0,0.3999999999999999,Afternoon,March
Sat,2024-05-04,Arsenal,3.3,3–0,0.5,Bournemouth,2.0,12.0,3,0,0.2999999999999998,0.5,3,3.8,0.7999999999999998,55.0,4-3-3,24.0,12:30,45.0,4-3-3,7.0,2.8,Afternoon,May
Sat,2023-10-07,Everton,2.4,3–0,0.7,Bournemouth,15.0,12.0,3,0,-0.6000000000000001,0.7,3,3.1,0.0999999999999996,48.0,4-4-1-1,25.0,15:00,52.0,4-2-3-1,11.0,1.7,Afternoon,October
Sat,2023-11-25,Sheffield Ud,0.8,1–3,2.9,Bournemouth,20.0,12.0,1,3,-0.1999999999999999,-0.1,4,3.7,-0.2999999999999998,46.0,3-4-3,10.0,15:00,54.0,4-2-3-1,23.0,-2.0999999999999996,Afternoon,November
Sun,2023-09-24,Brighton,1.9,3–1,1.1,Bournemouth,11.0,12.0,3,1,-1.1,0.1,4,3.0,-1.0,61.0,4-2-3-1,13.0,14:00,39.0,4-2-3-1,12.0,0.7999999999999998,Afternoon,September
Sat,2024-02-17,Newcastle Utd,2.2,2–2,2.2,Bournemouth,7.0,12.0,2,2,0.2000000000000001,0.2000000000000001,4,4.4,0.4000000000000003,62.0,4-3-3,16.0,15:00,38.0,4-2-3-1,12.0,0.0,Afternoon,February
Sat,2023-09-02,Brentford,2.9,2–2,2.1,Bournemouth,16.0,12.0,2,2,0.8999999999999999,0.1,4,5.0,1.0,60.0,4-3-3,21.0,15:00,40.0,4-2-3-1,12.0,0.7999999999999998,Afternoon,September
Sun,2024-05-19,Chelsea,1.1,2–1,2.2,Bournemouth,6.0,12.0,2,1,-0.8999999999999999,1.2000000000000002,3,3.3000000000000003,0.3000000000000002,61.0,4-2-3-1,16.0,16:00,39.0,4-2-3-1,22.0,-1.1,Afternoon,May
Sat,2023-12-09,Manchester Utd,1.1,0–3,1.5,Bournemouth,8.0,12.0,0,3,1.1,-1.5,3,2.6,-0.3999999999999999,68.0,4-2-3-1,20.0,15:00,32.0,4-2-3-1,10.0,-0.3999999999999999,Afternoon,December
Sat,2023-12-23,Nott'ham Forest,1.0,2–3,1.6,Bournemouth,17.0,12.0,2,3,-1.0,-1.4,5,2.6,-2.4,34.0,4-2-3-1,11.0,15:00,66.0,4-2-3-1,18.0,-0.6000000000000001,Afternoon,December
Sat,2024-02-10,Fulham,1.6,3–1,1.8,Bournemouth,13.0,12.0,3,1,-1.4,0.8,4,3.4000000000000004,-0.5999999999999996,49.0,4-2-3-1,7.0,15:00,51.0,4-2-3-1,25.0,-0.19999999999999996,Afternoon,February
Sat,2023-08-19,Liverpool,3.0,3–1,1.3,Bournemouth,3.0,12.0,3,1,0.0,0.3,4,4.3,0.2999999999999998,64.0,4-3-3,25.0,15:00,36.0,4-2-3-1,13.0,1.7,Afternoon,August
Wed,2024-04-24,Wolves,0.5,0–1,1.9,Bournemouth,14.0,12.0,0,1,0.5,0.8999999999999999,1,2.4,1.4,63.0,4-1-4-1,15.0,19:45,37.0,4-2-3-1,21.0,-1.4,Evening,April
Sun,2023-12-31,Tottenham,2.3,3–1,1.7,Bournemouth,5.0,12.0,3,1,-0.7000000000000002,0.7,4,4.0,0.0,50.0,4-3-3,12.0,14:00,50.0,4-2-3-1,24.0,0.5999999999999999,Afternoon,December
Sun,2024-04-21,Aston Villa,2.4,3–1,1.8,Bournemouth,4.0,12.0,3,1,-0.6000000000000001,0.8,4,4.2,0.2000000000000001,56.0,4-2-3-1,15.0,15:00,44.0,4-2-3-1,13.0,0.5999999999999999,Afternoon,April
Thu,2024-02-01,West Ham,1.4,1–1,1.2,Bournemouth,9.0,12.0,1,1,0.3999999999999999,0.1999999999999999,2,2.6,0.5999999999999996,48.0,4-3-2-1,8.0,19:30,52.0,4-2-3-1,9.0,0.19999999999999996,Evening,February
Wed,2023-12-06,Crystal Palace,1.0,0–2,1.8,Bournemouth,10.0,12.0,0,2,1.0,-0.1999999999999999,2,2.8,0.7999999999999998,59.0,4-2-3-1,16.0,19:30,41.0,4-2-3-1,11.0,-0.8,Evening,December
Sat,2024-04-06,Luton Town,1.5,2–1,0.4,Bournemouth,18.0,12.0,2,1,-0.5,-0.6,3,1.9,-1.1,55.0,3-4-3,19.0,15:00,45.0,4-2-3-1,8.0,1.1,Afternoon,April
Sat,2023-11-04,Manchester City,1.9,6–1,0.9,Bournemouth,1.0,12.0,6,1,-4.1,-0.0999999999999999,7,2.8,-4.2,65.0,3-4-3,21.0,15:00,35.0,5-4-1,5.0,0.9999999999999999,Afternoon,November
Sat,2024-03-16,Burnley,2.8,2–1,1.1,Brentford,19.0,16.0,2,1,0.7999999999999998,0.1,3,3.9,0.8999999999999999,60.0,4-4-2,16.0,15:00,40.0,3-5-2,9.0,1.6999999999999997,Afternoon,March
Sat,2024-03-09,Arsenal,1.3,2–1,1.0,Brentford,2.0,16.0,2,1,-0.7,0.0,3,2.3,-0.7000000000000002,71.0,4-3-3,17.0,17:30,29.0,3-5-2,9.0,0.30000000000000004,Evening,March
Sat,2024-04-27,Everton,0.8,1–0,0.9,Brentford,15.0,16.0,1,0,-0.1999999999999999,0.9,1,1.7000000000000002,0.7000000000000002,48.0,4-4-1-1,18.0,17:30,52.0,4-3-3,10.0,-0.09999999999999998,Evening,April
Sat,2023-12-09,Sheffield Ud,0.8,1–0,0.6,Brentford,20.0,16.0,1,0,-0.1999999999999999,0.6,1,1.4,0.3999999999999999,41.0,4-1-4-1,9.0,15:00,59.0,4-3-3,10.0,0.20000000000000007,Afternoon,December
Wed,2023-12-06,Brighton,1.5,2–1,1.5,Brentford,11.0,16.0,2,1,-0.5,0.5,3,3.0,0.0,61.0,4-2-3-1,18.0,19:30,39.0,4-4-2,7.0,0.0,Evening,December
Sat,2024-05-11,Bournemouth,0.7,1–2,1.1,Brentford,12.0,16.0,1,2,-0.3,-0.8999999999999999,3,1.8,-1.2,48.0,4-2-3-1,13.0,15:00,52.0,4-3-3,11.0,-0.40000000000000013,Afternoon,May
Sat,2023-09-16,Newcastle Utd,1.4,1–0,0.5,Brentford,7.0,16.0,1,0,0.3999999999999999,0.5,1,1.9,0.8999999999999999,56.0,4-3-3,8.0,17:30,44.0,5-3-2,11.0,0.8999999999999999,Evening,September
Sat,2023-10-28,Chelsea,1.9,0–2,2.2,Brentford,6.0,16.0,0,2,1.9,0.2000000000000001,2,4.1,2.1,68.0,4-2-3-1,17.0,12:30,32.0,3-5-2,7.0,-0.30000000000000027,Afternoon,October
Sat,2023-10-07,Manchester Utd,1.4,2–1,0.9,Brentford,8.0,16.0,2,1,-0.6000000000000001,-0.0999999999999999,3,2.3,-0.7000000000000002,64.0,4-2-3-1,21.0,15:00,36.0,3-5-2,11.0,0.4999999999999999,Afternoon,October
Sun,2023-10-01,Nott'ham Forest,0.5,1–1,1.6,Brentford,17.0,16.0,1,1,-0.5,0.6000000000000001,2,2.1,0.1,41.0,4-3-3,6.0,14:00,59.0,4-3-3,18.0,-1.1,Afternoon,October
Sat,2023-08-19,Fulham,0.5,0–3,3.7,Brentford,13.0,16.0,0,3,0.5,0.7000000000000002,3,4.2,1.2000000000000002,55.0,4-3-3,10.0,15:00,45.0,4-3-3,16.0,-3.2,Afternoon,August
Sun,2023-11-12,Liverpool,1.7,3–0,1.6,Brentford,3.0,16.0,3,0,-1.3,1.6,3,3.3,0.2999999999999998,58.0,4-3-3,17.0,14:00,42.0,5-3-2,16.0,0.09999999999999987,Afternoon,November
Sat,2024-02-10,Wolves,1.0,0–2,1.9,Brentford,14.0,16.0,0,2,1.0,-0.1,2,2.9,0.8999999999999999,71.0,3-4-3,17.0,15:00,29.0,3-5-2,9.0,-0.8999999999999999,Afternoon,February
Wed,2024-01-31,Tottenham,2.9,3–2,1.6,Brentford,5.0,16.0,3,2,-0.1,-0.3999999999999999,5,4.5,-0.5,67.0,4-2-3-1,19.0,19:30,33.0,3-5-2,9.0,1.2999999999999998,Evening,January
Sat,2024-04-06,Aston Villa,1.5,3–3,1.5,Brentford,4.0,16.0,3,3,-1.5,-1.5,6,3.0,-3.0,69.0,4-4-1-1,11.0,15:00,31.0,3-5-2,8.0,0.0,Afternoon,April
Mon,2024-02-26,West Ham,1.7,4–2,0.9,Brentford,9.0,16.0,4,2,-2.3,-1.1,6,2.6,-3.4,41.0,4-2-3-1,17.0,20:00,59.0,3-5-2,14.0,0.7999999999999999,Evening,February
Sat,2023-12-30,Crystal Palace,1.0,3–1,1.4,Brentford,10.0,16.0,3,1,-2.0,0.3999999999999999,4,2.4,-1.6,46.0,4-3-3,13.0,15:00,54.0,3-5-2,9.0,-0.3999999999999999,Afternoon,December
Sat,2024-04-20,Luton Town,0.6,1–5,3.1,Brentford,18.0,16.0,1,5,-0.4,-1.9,6,3.7,-2.3,53.0,3-4-3,6.0,15:00,47.0,4-3-3,21.0,-2.5,Afternoon,April
Tue,2024-02-20,Manchester City,2.3,1–0,0.4,Brentford,1.0,16.0,1,0,1.2999999999999998,0.4,1,2.7,1.6999999999999995,70.0,4-2-3-1,25.0,19:30,30.0,3-5-2,6.0,1.9,Evening,February
Tue,2024-04-02,Burnley,1.3,1–1,0.9,Wolves,19.0,14.0,1,1,0.3,-0.0999999999999999,2,2.2,0.2000000000000001,51.0,4-4-2,13.0,19:45,49.0,4-4-1-1,8.0,0.4,Evening,April
Sat,2023-12-02,Arsenal,2.8,2–1,0.7,Wolves,2.0,14.0,2,1,0.7999999999999998,-0.3,3,3.5,0.5,57.0,4-3-3,19.0,15:00,43.0,3-5-2,6.0,2.0999999999999996,Afternoon,December
Sat,2023-08-26,Everton,1.3,0–1,1.1,Wolves,15.0,14.0,0,1,1.3,0.1,1,2.4000000000000004,1.4000000000000004,47.0,4-1-4-1,15.0,15:00,53.0,4-4-1-1,11.0,0.19999999999999996,Afternoon,August
Sat,2023-11-04,Sheffield Ud,1.0,2–1,1.2,Wolves,20.0,14.0,2,1,-1.0,0.1999999999999999,3,2.2,-0.7999999999999998,39.0,3-4-1-2,10.0,15:00,61.0,4-4-1-1,10.0,-0.19999999999999996,Afternoon,November
Mon,2024-01-22,Brighton,1.0,0–0,1.1,Wolves,11.0,14.0,0,0,1.0,1.1,0,2.1,2.1,72.0,4-3-3,11.0,19:45,28.0,3-4-3,8.0,-0.10000000000000009,Evening,January
Sat,2023-10-21,Bournemouth,0.6,1–2,2.4,Wolves,12.0,14.0,1,2,-0.4,0.3999999999999999,3,3.0,0.0,35.0,4-2-3-1,7.0,15:00,65.0,3-4-3,21.0,-1.7999999999999998,Afternoon,October
Sat,2024-03-02,Newcastle Utd,2.1,3–0,0.8,Wolves,7.0,14.0,3,0,-0.8999999999999999,0.8,3,2.9000000000000004,-0.0999999999999996,44.0,4-3-3,14.0,15:00,56.0,3-4-3,12.0,1.3,Afternoon,March
Wed,2023-12-27,Brentford,2.2,1–4,2.4,Wolves,16.0,14.0,1,4,1.2000000000000002,-1.6,5,4.6,-0.4000000000000003,60.0,4-3-3,14.0,19:30,40.0,3-4-3,11.0,-0.19999999999999973,Evening,December
Sun,2024-02-04,Chelsea,1.7,2–4,2.0,Wolves,6.0,14.0,2,4,-0.3,-2.0,6,3.7,-2.3,64.0,4-2-3-1,15.0,14:00,36.0,3-4-3,13.0,-0.30000000000000004,Afternoon,February
Mon,2023-08-14,Manchester Utd,2.2,1–0,2.2,Wolves,8.0,14.0,1,0,1.2000000000000002,2.2,1,4.4,3.4000000000000004,51.0,4-1-4-1,15.0,20:00,49.0,4-4-2,23.0,0.0,Evening,August
Sat,2024-04-13,Nott'ham Forest,1.9,2–2,1.0,Wolves,17.0,14.0,2,2,-0.1,-1.0,4,2.9,-1.1,46.0,4-2-3-1,18.0,15:00,54.0,3-4-1-2,11.0,0.8999999999999999,Afternoon,April
Mon,2023-11-27,Fulham,2.9,3–2,1.4,Wolves,13.0,14.0,3,2,-0.1,-0.6000000000000001,5,4.3,-0.7000000000000002,60.0,4-2-3-1,10.0,20:00,40.0,3-5-2,9.0,1.5,Evening,November
Sun,2024-05-19,Liverpool,4.5,2–0,0.5,Wolves,3.0,14.0,2,0,2.5,0.5,2,5.0,3.0,67.0,4-3-3,36.0,16:00,33.0,3-5-1-1,4.0,4.0,Afternoon,May
Sat,2024-02-17,Tottenham,1.6,1–2,1.8,Wolves,5.0,14.0,1,2,0.6000000000000001,-0.1999999999999999,3,3.4000000000000004,0.4000000000000003,71.0,4-2-3-1,15.0,15:00,29.0,3-4-3,12.0,-0.19999999999999996,Afternoon,February
Sat,2024-03-30,Aston Villa,1.0,2–0,1.5,Wolves,4.0,14.0,2,0,-1.0,1.5,2,2.5,0.5,48.0,4-4-2,11.0,17:30,52.0,3-4-3,13.0,-0.5,Evening,March
Sun,2023-12-17,West Ham,1.1,3–0,0.7,Wolves,9.0,14.0,3,0,-1.9,0.7,3,1.8,-1.2,45.0,4-2-3-1,13.0,14:00,55.0,3-4-3,14.0,0.40000000000000013,Afternoon,December
Sun,2023-09-03,Crystal Palace,2.1,3–2,1.2,Wolves,10.0,14.0,3,2,-0.8999999999999999,-0.8,5,3.3,-1.7000000000000002,43.0,4-3-3,16.0,14:00,57.0,4-4-2,12.0,0.9000000000000001,Afternoon,September
Sat,2023-09-23,Luton Town,2.1,1–1,0.6,Wolves,18.0,14.0,1,1,1.1,-0.4,2,2.7,0.7000000000000002,57.0,3-4-3,19.0,15:00,43.0,4-2-3-1,3.0,1.5,Afternoon,September
Sat,2024-05-04,Manchester City,3.7,5–1,0.3,Wolves,1.0,14.0,5,1,-1.2999999999999998,-0.7,6,4.0,-2.0,58.0,4-2-3-1,18.0,17:30,42.0,3-5-2,2.0,3.4000000000000004,Evening,May
Sat,2024-04-13,Burnley,1.7,1–1,0.9,Brighton,19.0,11.0,1,1,0.7,-0.0999999999999999,2,2.6,0.6000000000000001,44.0,4-4-2,11.0,15:00,56.0,4-2-3-1,20.0,0.7999999999999999,Afternoon,April
Sun,2023-12-17,Arsenal,2.3,2–0,0.7,Brighton,2.0,11.0,2,0,0.2999999999999998,0.7,2,3.0,1.0,49.0,4-3-3,26.0,14:00,51.0,4-2-3-1,6.0,1.5999999999999999,Afternoon,December
Sat,2023-11-04,Everton,0.7,1–1,0.5,Brighton,15.0,11.0,1,1,-0.3,-0.5,2,1.2,-0.8,21.0,4-4-1-1,10.0,15:00,79.0,4-3-3,7.0,0.19999999999999996,Afternoon,November
Sun,2024-02-18,Sheffield Ud,0.6,0–5,2.9,Brighton,20.0,11.0,0,5,0.6,-2.1,5,3.5,-1.5,21.0,3-5-1-1,6.0,14:00,79.0,4-2-3-1,24.0,-2.3,Afternoon,February
Sun,2024-04-28,Bournemouth,1.9,3–0,0.9,Brighton,12.0,11.0,3,0,-1.1,0.9,3,2.8,-0.2000000000000001,31.0,4-4-2,15.0,14:00,69.0,4-2-3-1,13.0,0.9999999999999999,Afternoon,April
Sat,2024-05-11,Newcastle Utd,2.2,1–1,1.4,Brighton,7.0,11.0,1,1,1.2000000000000002,0.3999999999999999,2,3.6,1.6,57.0,4-3-3,18.0,15:00,43.0,4-2-3-1,15.0,0.8000000000000003,Afternoon,May
Wed,2024-04-03,Brentford,0.6,0–0,1.1,Brighton,16.0,11.0,0,0,0.6,1.1,0,1.7000000000000002,1.7000000000000002,34.0,3-5-2,5.0,19:30,66.0,4-2-3-1,24.0,-0.5000000000000001,Evening,April
Sun,2023-12-03,Chelsea,2.1,3–2,1.1,Brighton,6.0,11.0,3,2,-0.8999999999999999,-0.8999999999999999,5,3.2,-1.7999999999999998,32.0,4-2-3-1,7.0,14:00,68.0,4-2-3-1,18.0,1.0,Afternoon,December
Sat,2023-09-16,Manchester Utd,1.0,1–3,1.7,Brighton,8.0,11.0,1,3,0.0,-1.3,4,2.7,-1.2999999999999998,44.0,4-1-2-1-2◆,14.0,15:00,56.0,4-2-3-1,10.0,-0.7,Afternoon,September
Sat,2023-11-25,Nott'ham Forest,1.9,2–3,1.3,Brighton,17.0,11.0,2,3,-0.1,-1.7,5,3.2,-1.7999999999999998,47.0,4-1-4-1,17.0,15:00,53.0,4-2-3-1,9.0,0.5999999999999999,Afternoon,November
Sat,2024-03-02,Fulham,1.3,3–0,1.3,Brighton,13.0,11.0,3,0,-1.7,1.3,3,2.6,-0.3999999999999999,30.0,4-2-3-1,12.0,15:00,70.0,3-4-3,15.0,0.0,Afternoon,March
Sun,2024-03-31,Liverpool,2.8,2–1,0.5,Brighton,3.0,11.0,2,1,0.7999999999999998,-0.5,3,3.3,0.2999999999999998,55.0,4-3-3,30.0,14:00,45.0,4-2-3-1,9.0,2.3,Afternoon,March
Sat,2023-08-19,Wolves,2.1,1–4,2.2,Brighton,14.0,11.0,1,4,1.1,-1.7999999999999998,5,4.300000000000001,-0.6999999999999993,47.0,4-4-1-1,16.0,15:00,53.0,4-2-3-1,16.0,-0.10000000000000009,Afternoon,August
Sat,2024-02-10,Tottenham,1.6,2–1,1.2,Brighton,5.0,11.0,2,1,-0.3999999999999999,0.1999999999999999,3,2.8,-0.2000000000000001,52.0,4-2-3-1,16.0,15:00,48.0,4-2-3-1,5.0,0.40000000000000013,Afternoon,February
Sat,2023-09-30,Aston Villa,1.6,6–1,1.7,Brighton,4.0,11.0,6,1,-4.4,0.7,7,3.3,-3.7,39.0,4-2-3-1,19.0,12:30,61.0,4-2-3-1,11.0,-0.09999999999999987,Afternoon,September
Tue,2024-01-02,West Ham,0.7,0–0,2.3,Brighton,9.0,11.0,0,0,0.7,2.3,0,3.0,3.0,32.0,4-2-3-1,6.0,19:30,68.0,4-3-1-2,22.0,-1.5999999999999999,Evening,January
Thu,2023-12-21,Crystal Palace,1.3,1–1,1.2,Brighton,10.0,11.0,1,1,0.3,0.1999999999999999,2,2.5,0.5,35.0,4-3-3,11.0,20:00,65.0,4-2-3-1,18.0,0.10000000000000009,Evening,December
Tue,2024-01-30,Luton Town,3.1,4–0,0.9,Brighton,18.0,11.0,4,0,-0.8999999999999999,0.9,4,4.0,0.0,41.0,3-4-3,18.0,19:45,59.0,3-4-3,9.0,2.2,Evening,January
Sat,2023-10-21,Manchester City,0.8,2–1,0.8,Brighton,1.0,11.0,2,1,-1.2,-0.1999999999999999,3,1.6,-1.4,55.0,3-2-4-1,10.0,15:00,45.0,4-2-3-1,5.0,0.0,Afternoon,October
Sat,2024-05-04,Burnley,1.0,1–4,3.4,Newcastle Utd,19.0,7.0,1,4,0.0,-0.6000000000000001,5,4.4,-0.5999999999999996,47.0,4-2-3-1,17.0,15:00,53.0,4-4-2,22.0,-2.4,Afternoon,May
Sat,2024-02-24,Arsenal,2.8,4–1,0.2,Newcastle Utd,2.0,7.0,4,1,-1.2000000000000002,-0.8,5,3.0,-2.0,55.0,4-3-3,18.0,20:00,45.0,4-3-3,3.0,2.5999999999999996,Evening,February
Thu,2023-12-07,Everton,3.3,3–0,1.5,Newcastle Utd,15.0,7.0,3,0,0.2999999999999998,1.5,3,4.8,1.7999999999999998,38.0,4-4-1-1,21.0,19:30,62.0,4-3-3,13.0,1.7999999999999998,Evening,December
Sun,2023-09-24,Sheffield Ud,0.9,0–8,3.9,Newcastle Utd,20.0,7.0,0,8,0.9,-4.1,8,4.8,-3.2,42.0,3-4-3,9.0,16:30,58.0,4-3-3,22.0,-3.0,Afternoon,September
Sat,2023-09-02,Brighton,1.3,3–1,1.2,Newcastle Utd,11.0,7.0,3,1,-1.7,0.1999999999999999,4,2.5,-1.5,56.0,4-2-3-1,15.0,17:30,44.0,4-3-3,9.0,0.10000000000000009,Evening,September
Sat,2023-11-11,Bournemouth,2.4,2–0,0.5,Newcastle Utd,12.0,7.0,2,0,0.3999999999999999,0.5,2,2.9,0.8999999999999999,48.0,4-2-3-1,19.0,17:30,52.0,4-3-3,8.0,1.9,Evening,November
Sun,2024-05-19,Brentford,1.1,2–4,3.4,Newcastle Utd,16.0,7.0,2,4,-0.8999999999999999,-0.6000000000000001,6,4.5,-1.5,54.0,4-3-3,10.0,16:00,46.0,4-3-3,12.0,-2.3,Afternoon,May
Mon,2024-03-11,Chelsea,1.6,3–2,0.7,Newcastle Utd,6.0,7.0,3,2,-1.4,-1.3,5,2.3,-2.7,44.0,4-2-3-1,12.0,20:00,56.0,4-3-3,11.0,0.9000000000000001,Evening,March
Wed,2024-05-15,Manchester Utd,1.5,3–2,2.2,Newcastle Utd,8.0,7.0,3,2,-1.5,0.2000000000000001,5,3.7,-1.2999999999999998,45.0,4-2-2-2,17.0,20:00,55.0,4-3-3,21.0,-0.7000000000000002,Evening,May
Sat,2024-02-10,Nott'ham Forest,1.5,2–3,0.5,Newcastle Utd,17.0,7.0,2,3,-0.5,-2.5,5,2.0,-3.0,39.0,4-2-3-1,13.0,17:30,61.0,4-3-3,7.0,1.0,Evening,February
Sat,2024-04-06,Fulham,1.2,0–1,1.0,Newcastle Utd,13.0,7.0,0,1,1.2,0.0,1,2.2,1.2000000000000002,66.0,4-2-3-1,14.0,15:00,34.0,4-3-3,12.0,0.19999999999999996,Afternoon,April
Mon,2024-01-01,Liverpool,7.0,4–2,0.6,Newcastle Utd,3.0,7.0,4,2,3.0,-1.4,6,7.6,1.5999999999999996,61.0,4-3-3,32.0,20:00,39.0,4-3-3,5.0,6.4,Evening,January
Sat,2023-10-28,Wolves,0.9,2–2,2.2,Newcastle Utd,14.0,7.0,2,2,-1.1,0.2000000000000001,4,3.1,-0.8999999999999999,43.0,4-4-2,11.0,17:30,57.0,4-3-3,12.0,-1.3000000000000003,Evening,October
Sun,2023-12-10,Tottenham,3.8,4–1,1.7,Newcastle Utd,5.0,7.0,4,1,-0.2000000000000001,0.7,5,5.5,0.5,56.0,4-2-3-1,22.0,16:30,44.0,4-3-3,9.0,2.0999999999999996,Afternoon,December
Tue,2024-01-30,Aston Villa,1.4,1–3,2.6,Newcastle Utd,4.0,7.0,1,3,0.3999999999999999,-0.3999999999999999,4,4.0,0.0,61.0,4-4-2,12.0,20:15,39.0,4-3-3,14.0,-1.2000000000000002,Evening,January
Sun,2023-10-08,West Ham,1.2,2–2,2.0,Newcastle Utd,9.0,7.0,2,2,-0.8,0.0,4,3.2,-0.7999999999999998,36.0,4-2-3-1,5.0,14:00,64.0,4-3-3,10.0,-0.8,Afternoon,October
Wed,2024-04-24,Crystal Palace,0.9,2–0,0.4,Newcastle Utd,10.0,7.0,2,0,-1.1,0.4,2,1.3,-0.7,47.0,3-4-3,20.0,20:00,53.0,3-4-3,7.0,0.5,Evening,April
Sat,2023-12-23,Luton Town,1.4,1–0,1.4,Newcastle Utd,18.0,7.0,1,0,0.3999999999999999,1.4,1,2.8,1.7999999999999998,35.0,3-4-3,16.0,15:00,65.0,4-3-3,15.0,0.0,Afternoon,December
Sat,2023-08-19,Manchester City,1.0,1–0,0.3,Newcastle Utd,1.0,7.0,1,0,0.0,0.3,1,1.3,0.3,59.0,4-2-3-1,14.0,20:00,41.0,4-3-3,7.0,0.7,Evening,August
Sun,2024-05-19,Burnley,1.2,1–2,1.7,Nott'ham Forest,19.0,17.0,1,2,0.1999999999999999,-0.3,3,2.9,-0.1,72.0,4-4-2,20.0,16:00,28.0,4-2-3-1,12.0,-0.5,Afternoon,May
Sat,2023-08-12,Arsenal,0.8,2–1,1.2,Nott'ham Forest,2.0,17.0,2,1,-1.2,0.1999999999999999,3,2.0,-1.0,78.0,4-3-3,15.0,12:30,22.0,3-4-3,6.0,-0.3999999999999999,Afternoon,August
Sun,2024-04-21,Everton,0.3,2–0,0.9,Nott'ham Forest,15.0,17.0,2,0,-1.7,0.9,2,1.2,-0.8,41.0,4-1-4-1,7.0,13:30,59.0,4-2-3-1,8.0,-0.6000000000000001,Afternoon,April
Sat,2024-05-04,Sheffield Ud,2.2,1–3,1.5,Nott'ham Forest,20.0,17.0,1,3,1.2000000000000002,-1.5,4,3.7,-0.2999999999999998,54.0,3-5-2,16.0,15:00,46.0,4-2-3-1,15.0,0.7000000000000002,Afternoon,May
Sun,2024-03-10,Brighton,0.4,1–0,0.7,Nott'ham Forest,11.0,17.0,1,0,-0.6,0.7,1,1.1,0.1,63.0,4-2-3-1,10.0,14:00,37.0,4-3-3,9.0,-0.29999999999999993,Afternoon,March
Sun,2024-02-04,Bournemouth,1.3,1–1,0.5,Nott'ham Forest,12.0,17.0,1,1,0.3,-0.5,2,1.8,-0.1999999999999999,45.0,4-2-3-1,9.0,14:00,55.0,4-2-3-1,8.0,0.8,Afternoon,February
Tue,2023-12-26,Newcastle Utd,2.4,1–3,3.5,Nott'ham Forest,7.0,17.0,1,3,1.4,0.5,4,5.9,1.9000000000000004,62.0,4-3-3,18.0,12:30,38.0,4-2-3-1,15.0,-1.1,Afternoon,December
Sat,2024-01-20,Brentford,1.2,3–2,1.2,Nott'ham Forest,16.0,17.0,3,2,-1.8,-0.8,5,2.4,-2.6,48.0,3-5-2,11.0,17:30,52.0,4-2-3-1,12.0,0.0,Evening,January
Sat,2023-09-02,Chelsea,2.3,0–1,0.8,Nott'ham Forest,6.0,17.0,0,1,2.3,-0.1999999999999999,1,3.1,2.1,75.0,3-4-3,21.0,15:00,25.0,3-4-3,7.0,1.4999999999999998,Afternoon,September
Sat,2023-08-26,Manchester Utd,2.8,3–2,1.2,Nott'ham Forest,8.0,17.0,3,2,-0.2000000000000001,-0.8,5,4.0,-1.0,66.0,4-2-3-1,17.0,15:00,34.0,3-4-3,9.0,1.5999999999999999,Afternoon,August
Wed,2023-12-06,Fulham,2.5,5–0,0.3,Nott'ham Forest,13.0,17.0,5,0,-2.5,0.3,5,2.8,-2.2,63.0,4-2-3-1,14.0,19:30,37.0,4-2-3-1,4.0,2.2,Evening,December
Sun,2023-10-29,Liverpool,3.2,3–0,0.4,Nott'ham Forest,3.0,17.0,3,0,0.2000000000000001,0.4,3,3.6,0.6000000000000001,72.0,4-3-3,21.0,14:00,28.0,5-4-1,9.0,2.8000000000000003,Afternoon,October
Sat,2023-12-09,Wolves,1.2,1–1,1.3,Nott'ham Forest,14.0,17.0,1,1,0.1999999999999999,0.3,2,2.5,0.5,68.0,3-4-3,10.0,15:00,32.0,3-5-2,8.0,-0.10000000000000009,Afternoon,December
Sun,2024-04-07,Tottenham,1.5,3–1,1.5,Nott'ham Forest,5.0,17.0,3,1,-1.5,0.5,4,3.0,-1.0,63.0,4-2-3-1,17.0,18:00,37.0,4-2-3-1,13.0,0.0,Evening,April
Sat,2024-02-24,Aston Villa,3.6,4–2,2.6,Nott'ham Forest,4.0,17.0,4,2,-0.3999999999999999,0.6000000000000001,6,6.2,0.2000000000000001,58.0,4-2-3-1,16.0,15:00,42.0,4-2-3-1,10.0,1.0,Afternoon,February
Sun,2023-11-12,West Ham,1.8,3–2,1.7,Nott'ham Forest,9.0,17.0,3,2,-1.2,-0.3,5,3.5,-1.5,54.0,4-2-3-1,16.0,14:00,46.0,4-3-3,10.0,0.10000000000000009,Afternoon,November
Sat,2023-10-07,Crystal Palace,0.8,0–0,1.0,Nott'ham Forest,10.0,17.0,0,0,0.8,1.0,0,1.8,1.8,52.0,4-3-3,8.0,17:30,48.0,4-3-3,16.0,-0.19999999999999996,Evening,October
Sat,2024-03-16,Luton Town,0.6,1–1,2.0,Nott'ham Forest,18.0,17.0,1,1,-0.4,1.0,2,2.6,0.6000000000000001,60.0,3-4-3,10.0,15:00,40.0,4-2-3-1,16.0,-1.4,Afternoon,March
Sat,2023-09-23,Manchester City,1.3,2–0,1.0,Nott'ham Forest,1.0,17.0,2,0,-0.7,1.0,2,2.3,0.2999999999999998,57.0,4-2-3-1,7.0,15:00,43.0,5-4-1,10.0,0.30000000000000004,Afternoon,September
Sat,2023-11-11,Arsenal,1.8,3–1,0.3,Burnley,2.0,19.0,3,1,-1.2,-0.7,4,2.1,-1.9,63.0,4-3-3,16.0,15:00,37.0,4-4-2,8.0,1.5,Afternoon,November
Sat,2024-04-06,Everton,0.9,1–0,0.5,Burnley,15.0,19.0,1,0,-0.0999999999999999,0.5,1,1.4,0.3999999999999999,38.0,4-4-1-1,12.0,15:00,62.0,4-4-2,6.0,0.4,Afternoon,April
Sat,2024-04-20,Sheffield Ud,2.4,1–4,2.2,Burnley,20.0,19.0,1,4,1.4,-1.7999999999999998,5,4.6,-0.4000000000000003,49.0,4-2-3-1,18.0,15:00,51.0,4-4-2,16.0,0.19999999999999973,Afternoon,April
Sat,2023-12-09,Brighton,2.6,1–1,0.6,Burnley,11.0,19.0,1,1,1.6,-0.4,2,3.2,1.2000000000000002,72.0,4-2-3-1,29.0,15:00,28.0,4-4-2,6.0,2.0,Afternoon,December
Sat,2023-10-28,Bournemouth,1.1,2–1,0.8,Burnley,12.0,19.0,2,1,-0.8999999999999999,-0.1999999999999999,3,1.9,-1.1,45.0,4-2-3-1,13.0,15:00,55.0,4-3-3,6.0,0.30000000000000004,Afternoon,October
Sat,2023-09-30,Newcastle Utd,3.1,2–0,0.6,Burnley,7.0,19.0,2,0,1.1,0.6,2,3.7,1.7000000000000002,53.0,4-3-3,19.0,15:00,47.0,4-2-3-1,8.0,2.5,Afternoon,September
Sat,2023-10-21,Brentford,3.1,3–0,1.1,Burnley,16.0,19.0,3,0,0.1,1.1,3,4.2,1.2000000000000002,50.0,4-3-3,23.0,15:00,50.0,4-2-3-1,6.0,2.0,Afternoon,October
Sat,2024-03-30,Chelsea,4.2,2–2,1.6,Burnley,6.0,19.0,2,2,2.2,-0.3999999999999999,4,5.800000000000001,1.8000000000000007,69.0,4-2-3-1,32.0,15:00,31.0,4-4-2,18.0,2.6,Afternoon,March
Sat,2024-04-27,Manchester Utd,2.7,1–1,2.1,Burnley,8.0,19.0,1,1,1.7000000000000002,1.1,2,4.800000000000001,2.8000000000000007,48.0,4-2-3-1,27.0,15:00,52.0,4-4-2,15.0,0.6000000000000001,Afternoon,April
Mon,2023-09-18,Nott'ham Forest,0.7,1–1,0.5,Burnley,17.0,19.0,1,1,-0.3,-0.5,2,1.2,-0.8,46.0,4-2-3-1,14.0,19:45,54.0,4-2-3-1,10.0,0.19999999999999996,Evening,September
Sat,2023-12-23,Fulham,1.3,0–2,0.4,Burnley,13.0,19.0,0,2,1.3,-1.6,2,1.7000000000000002,-0.2999999999999998,66.0,4-2-3-1,19.0,15:00,34.0,4-4-2,7.0,0.9,Afternoon,December
Sat,2024-02-10,Liverpool,2.8,3–1,1.3,Burnley,3.0,19.0,3,1,-0.2000000000000001,0.3,4,4.1,0.0999999999999996,70.0,4-3-3,25.0,15:00,30.0,4-4-2,9.0,1.4999999999999998,Afternoon,February
Tue,2023-12-05,Wolves,0.8,1–0,0.9,Burnley,14.0,19.0,1,0,-0.1999999999999999,0.9,1,1.7000000000000002,0.7000000000000002,51.0,3-4-3,7.0,19:30,49.0,4-4-2,12.0,-0.09999999999999998,Evening,December
Sat,2024-05-11,Tottenham,2.7,2–1,0.7,Burnley,5.0,19.0,2,1,0.7000000000000002,-0.3,3,3.4000000000000004,0.4000000000000003,63.0,4-3-3,21.0,15:00,37.0,4-4-2,7.0,2.0,Afternoon,May
Sat,2023-12-30,Aston Villa,3.2,3–2,1.2,Burnley,4.0,19.0,3,2,0.2000000000000001,-0.8,5,4.4,-0.5999999999999996,64.0,4-4-1-1,18.0,15:00,36.0,4-4-2,9.0,2.0,Afternoon,December
Sun,2024-03-10,West Ham,2.1,2–2,0.7,Burnley,9.0,19.0,2,2,0.1,-1.3,4,2.8,-1.2000000000000002,52.0,4-2-3-1,22.0,14:00,48.0,4-4-2,11.0,1.4000000000000001,Afternoon,March
Sat,2024-02-24,Crystal Palace,2.4,3–0,0.1,Burnley,10.0,19.0,3,0,-0.6000000000000001,0.1,3,2.5,-0.5,56.0,3-4-3,14.0,15:00,44.0,4-4-2,2.0,2.3,Afternoon,February
Tue,2023-10-03,Luton Town,1.3,1–2,1.1,Burnley,18.0,19.0,1,2,0.3,-0.8999999999999999,3,2.4000000000000004,-0.5999999999999996,49.0,3-4-3,18.0,19:30,51.0,4-3-3,14.0,0.19999999999999996,Evening,October
Wed,2024-01-31,Manchester City,1.7,3–1,1.4,Burnley,1.0,19.0,3,1,-1.3,0.3999999999999999,4,3.1,-0.9000000000000004,74.0,4-2-3-1,14.0,19:30,26.0,4-4-2,8.0,0.30000000000000004,Evening,January
